ID,region,region_france,region_morocco,region_UK,region_ghana,region_georgia,group,sex,sex_female,CS_1,CS_2,CS_3,CS_4,CS_5,CS_6,CS_7,CS_8,CS_9,CS_10,CS_11,CS_12,CS_13,CS_14,CS_15,CS_16,CS_mean,CN_1,CN_2,CN_3,CN_4,CN_5,CN_6,CN_7,CN_8,CN_9,CN_10,CN_11,CN_12,CN_13,CN_14,CN_15,CN_16,CN_17,CN_18,CN_19,CN_20,CN_21,CN_22,CN_23,CN_24,CN_25,CN_26,CN_27,CN_28,CN_mean,R_1,R_2,R_3,R_4,R_5,R_6,R_7,R_mean,ATNumSNPs,,,,
B139,France,1,0,0,0,0,Bergman,M,0,440.8758,NaN,NaN,489.1469,433.1146,483.0893,393.7405,404.3412,499.7476,460.3735,NaN,NaN,NaN,NaN,NaN,NaN,450.553675,165.84,137.14,140.14,153.82,162.83,146.42,161.32,153.32,174.22,138.77,NaN,NaN,NaN,NaN,NaN,NaN,NaN,NaN,NaN,NaN,NaN,NaN,NaN,NaN,NaN,NaN,NaN,NaN,153.38,1.038,1.011,1.029,NaN,NaN,NaN,NaN,1.026,180,,,,
B140,France,1,0,0,0,0,Bergman,M,0,434.53035,464.2123,384.8303,462.4866,471.1151,467.6637,403.813,376.2018,436.6012,391.7331,NaN,NaN,NaN,NaN,NaN,NaN,429.318745,165.34,161.45,162.58,164.98,199.22,163.50,169.30,190.58,157.34,195.17,NaN,NaN,NaN,NaN,NaN,NaN,NaN,NaN,NaN,NaN,NaN,NaN,NaN,NaN,NaN,NaN,NaN,NaN,172.95,1.798121,1.657873,1.353145,1.506587,1.3793,1.539005,NaN,1.53900516666667,200,,,,
B141,France,1,0,0,0,0,Bergman,M,0,1001.24911,1116.526,614.3479,1202.81,1038.869,723.0668,1151.04,1347.769,807.6259,1035.418,NaN,NaN,NaN,NaN,NaN,NaN,1003.872171,184.74,119.40,184.39,197.76,134.69,162.99,178.01,140.85,156.61,159.99,NaN,NaN,NaN,NaN,NaN,NaN,NaN,NaN,NaN,NaN,NaN,NaN,NaN,NaN,NaN,NaN,NaN,NaN,161.94,1.632,1.82,1.985,NaN,NaN,NaN,NaN,1.81233333333333,37,,,,
B142,France,1,0,0,0,0,Bergman,M,0,796.23634,888.7337,928.4247,710.9869,914.6191,709.2612,895.6365,885.2823,771.3863,572.9312,NaN,NaN,NaN,NaN,NaN,NaN,807.349824,159.44,153.93,155.68,147.64,131.71,129.73,173.96,131.50,126.07,148.91,NaN,NaN,NaN,NaN,NaN,NaN,NaN,NaN,NaN,NaN,NaN,NaN,NaN,NaN,NaN,NaN,NaN,NaN,145.86,1.723,1.78,1.743,NaN,NaN,NaN,NaN,1.74866666666667,199,,,,
B143,France,1,0,0,0,0,Bergman,M,0,960.35004,962.9386,904.2649,707.5355,940.5046,1299.449,1021.612,705.8098,1035.418,852.494,NaN,NaN,NaN,NaN,NaN,NaN,939.037644,160.43,135.79,127.42,145.11,137.97,152.56,122.18,132.60,145.51,148.02,NaN,NaN,NaN,NaN,NaN,NaN,NaN,NaN,NaN,NaN,NaN,NaN,NaN,NaN,NaN,NaN,NaN,NaN,140.76,1.651,1.655,1.734,NaN,NaN,NaN,NaN,1.68,27,,,,
B144,France,1,0,0,0,0,Bergman,M,0,1257.34246,916.3448,971.5671,733.421,792.0947,1382.283,1642.863,1244.227,1660.12,1613.526,NaN,NaN,NaN,NaN,NaN,NaN,1221.378906,180.55,182.37,188.93,186.70,156.00,187.84,179.64,174.21,162.64,161.55,NaN,NaN,NaN,NaN,NaN,NaN,NaN,NaN,NaN,NaN,NaN,NaN,NaN,NaN,NaN,NaN,NaN,NaN,176.04,1.102,1.168,1.074,NaN,NaN,NaN,NaN,1.11466666666667,,,,,
B145,France,1,0,0,0,0,Bergman,M,0,678.02614,629.8792,733.421,547.0458,567.7541,710.9869,629.8792,786.9176,792.0947,603.9938,NaN,NaN,NaN,NaN,NaN,NaN,667.999844,168.61,121.68,168.66,159.28,172.53,141.64,158.34,153.35,116.16,174.00,NaN,NaN,NaN,NaN,NaN,NaN,NaN,NaN,NaN,NaN,NaN,NaN,NaN,NaN,NaN,NaN,NaN,NaN,153.43,1.811562,2.050778,1.782644,1.81781,1.908463,1.874251,NaN,1.87425133333333,182,,,,
B146,France,1,0,0,0,0,Bergman,M,0,796.92661,731.6953,845.5913,890.4594,761.0321,612.6222,854.2197,826.6086,812.803,861.1225,NaN,NaN,NaN,NaN,NaN,NaN,799.308071,245.31,225.32,251.34,247.30,252.75,302.47,267.32,220.14,275.26,245.47,NaN,NaN,NaN,NaN,NaN,NaN,NaN,NaN,NaN,NaN,NaN,NaN,NaN,NaN,NaN,NaN,NaN,NaN,253.27,1.840382,1.93149,1.800153,1.397352,1.484359,1.390325,1.640677,1.64067685714286,38,,,,
B147,France,1,0,0,0,0,Bergman,M,0,1270.9755,1344.318,1044.046,773.112,1164.845,1133.783,1106.171,1411.62,1482.373,1547.95,NaN,NaN,NaN,NaN,NaN,NaN,1227.91935,177.98,152.75,144.35,184.12,168.07,170.47,186.81,156.19,151.92,165.30,NaN,NaN,NaN,NaN,NaN,NaN,NaN,NaN,NaN,NaN,NaN,NaN,NaN,NaN,NaN,NaN,NaN,NaN,165.80,1.504,1.307,1.573,NaN,NaN,NaN,NaN,1.46133333333333,32,,,,
B148,France,1,0,0,0,0,Bergman,M,0,890.11422,874.9281,652.3133,968.1157,873.2024,1068.206,1018.161,911.1677,714.4383,923.2476,NaN,NaN,NaN,NaN,NaN,NaN,889.389432,140.95,149.20,145.69,164.74,147.02,103.26,154.49,143.06,144.91,150.24,NaN,NaN,NaN,NaN,NaN,NaN,NaN,NaN,NaN,NaN,NaN,NaN,NaN,NaN,NaN,NaN,NaN,NaN,144.36,1.454,1.162,1.502,NaN,NaN,NaN,NaN,1.37266666666667,40,,,,
B149,France,1,0,0,0,0,Bergman,M,0,1264.07259,1406.443,921.5219,1511.71,1135.508,1145.862,1130.331,1794.724,1233.873,966.39,NaN,NaN,NaN,NaN,NaN,NaN,1251.043549,140.84,139.99,141.21,139.77,152.34,144.27,166.61,142.32,135.73,175.71,NaN,NaN,NaN,NaN,NaN,NaN,NaN,NaN,NaN,NaN,NaN,NaN,NaN,NaN,NaN,NaN,NaN,NaN,147.88,1.445,1.698,1.59,NaN,NaN,NaN,NaN,1.57766666666667,179,,,,
B151,France,1,0,0,0,0,Bergman,M,0,404.84839,533.2402,543.5944,348.5907,497.0006,305.4483,427.9727,417.6185,384.8303,284.7399,NaN,NaN,NaN,NaN,NaN,NaN,414.788399,174.74,189.97,141.11,216.15,140.91,180.41,198.81,201.02,166.03,213.25,NaN,NaN,NaN,NaN,NaN,NaN,NaN,NaN,NaN,NaN,NaN,NaN,NaN,NaN,NaN,NaN,NaN,NaN,182.24,0.94,1.33,1.181,NaN,NaN,NaN,NaN,1.15033333333333,195,,,,
B152,France,1,0,0,0,0,Bergman,M,0,814.87387,643.6848,797.2718,969.8414,721.3411,809.3516,855.9454,895.6365,842.1399,816.2544,NaN,NaN,NaN,NaN,NaN,NaN,816.634077,118.47,119.97,126.42,120.03,138.40,125.27,148.21,130.46,117.36,129.36,NaN,NaN,NaN,NaN,NaN,NaN,NaN,NaN,NaN,NaN,NaN,NaN,NaN,NaN,NaN,NaN,NaN,NaN,127.40,1.9392,1.676232,1.694281,1.848896,1.610369,1.536561,1.71759,1.71758985714286,36,,,,
B153,France,1,0,0,0,0,Bergman,M,0,402.08726,448.6811,484.9207,353.7678,372.7504,383.1046,393.4588,512.5318,422.7956,319.2538,NaN,NaN,NaN,NaN,NaN,NaN,409.335186,129.93,140.31,137.91,141.78,132.61,144.09,154.11,126.58,133.70,132.47,NaN,NaN,NaN,NaN,NaN,NaN,NaN,NaN,NaN,NaN,NaN,NaN,NaN,NaN,NaN,NaN,NaN,NaN,137.35,1.793,1.453,1.624,NaN,NaN,NaN,NaN,1.62333333333333,141,,,,
B154,France,1,0,0,0,0,Bergman,M,0,1009.53242,824.8829,610.8965,1059.578,1006.081,966.39,1121.703,1187.279,995.7268,1135.508,NaN,NaN,NaN,NaN,NaN,NaN,991.757762,159.50,112.55,131.57,114.48,134.80,107.48,152.63,129.57,114.91,141.92,NaN,NaN,NaN,NaN,NaN,NaN,NaN,NaN,NaN,NaN,NaN,NaN,NaN,NaN,NaN,NaN,NaN,NaN,129.94,1.634,1.525,1.529,NaN,NaN,NaN,NaN,1.56266666666667,255,,,,
B155,France,1,0,0,0,0,Bergman,M,0,1170.53982,1152.765,1425.425,1045.772,1050.949,1435.779,1285.644,959.4872,1092.366,1125.154,NaN,NaN,NaN,NaN,NaN,NaN,1174.388102,135.07,139.90,195.27,169.40,189.24,165.23,171.15,151.21,146.49,161.95,NaN,NaN,NaN,NaN,NaN,NaN,NaN,NaN,NaN,NaN,NaN,NaN,NaN,NaN,NaN,NaN,NaN,NaN,162.49,2.129,2.017,2.148,NaN,NaN,NaN,NaN,2.098,171,,,,
B156,France,1,0,0,0,0,Bergman,M,0,1100.13143,914.6191,1175.199,994.0012,1014.71,1071.657,1201.085,1130.331,1211.439,1147.588,NaN,NaN,NaN,NaN,NaN,NaN,1096.076073,220.89,244.82,278.92,183.92,262.26,257.76,204.36,228.22,211.46,230.93,NaN,NaN,NaN,NaN,NaN,NaN,NaN,NaN,NaN,NaN,NaN,NaN,NaN,NaN,NaN,NaN,NaN,NaN,232.35,2.087411,1.841932,1.833018,1.624659,1.83061,1.710502,1.821355,1.82135528571429,246,,,,
B157,France,1,0,0,0,0,Bergman,M,0,980.02305,1042.321,736.8724,866.2996,1149.314,1049.223,1000.904,976.7442,692.0043,1121.703,NaN,NaN,NaN,NaN,NaN,NaN,961.540855,172.71,190.60,195.78,160.04,186.57,165.47,217.05,216.37,NaN,NaN,NaN,NaN,NaN,NaN,NaN,NaN,NaN,NaN,NaN,NaN,NaN,NaN,NaN,NaN,NaN,NaN,NaN,NaN,188.07,1.78,1.616,1.728,NaN,NaN,NaN,NaN,1.708,88,,,,
B158,France,1,0,0,0,0,Bergman,M,0,995.8994,938.7789,1042.321,980.1956,1006.081,664.3931,964.6643,835.2371,1118.251,1119.977,NaN,NaN,NaN,NaN,NaN,NaN,966.57984,151.58,175.14,181.82,145.43,132.60,158.93,137.91,175.23,178.25,158.88,NaN,NaN,NaN,NaN,NaN,NaN,NaN,NaN,NaN,NaN,NaN,NaN,NaN,NaN,NaN,NaN,NaN,NaN,159.58,2.244859,2.343066,2.167723,1.805386,1.775859,1.787585,2.020746,2.020746,31,,,,
B159,France,1,0,0,0,0,Bergman,M,0,507.35474,659.216,709.2612,681.6501,427.9727,434.8755,427.9727,421.0699,440.0526,379.6532,NaN,NaN,NaN,NaN,NaN,NaN,508.907864,135.22,141.65,180.71,127.55,141.58,125.50,158.53,150.23,140.73,138.88,NaN,NaN,NaN,NaN,NaN,NaN,NaN,NaN,NaN,NaN,NaN,NaN,NaN,NaN,NaN,NaN,NaN,NaN,144.06,1.754,1.836,1.702,NaN,NaN,NaN,NaN,1.764,179,,,,
B160,Morocco,0,1,0,0,0,Bergman,M,0,999.5233,804.1745,548.7715,1306.352,854.2197,1014.71,1049.223,1325.335,1061.303,1049.223,NaN,NaN,NaN,NaN,NaN,NaN,1001.2835,187.49,153.41,186.54,180.48,183.72,164.55,189.21,157.13,162.49,159.48,NaN,NaN,NaN,NaN,NaN,NaN,NaN,NaN,NaN,NaN,NaN,NaN,NaN,NaN,NaN,NaN,NaN,NaN,172.45,1.278,1.171,1.197,NaN,NaN,NaN,NaN,1.21533333333333,37,,,,
B161,Morocco,0,1,0,0,0,Bergman,M,0,372.57785,476.2922,478.0179,320.9795,329.608,407.2644,274.3857,390.0074,415.8928,296.8198,NaN,NaN,NaN,NaN,NaN,NaN,376.184555,246.46,189.70,163.02,198.20,227.16,201.73,211.16,192.36,222.42,220.92,NaN,NaN,NaN,NaN,NaN,NaN,NaN,NaN,NaN,NaN,NaN,NaN,NaN,NaN,NaN,NaN,NaN,NaN,207.31,2.026,1.864,2.034,NaN,NaN,NaN,NaN,1.97466666666667,21,,,,
B162,UK,0,0,1,0,0,Bergman,M,0,856.29053,805.9002,821.4315,964.6643,812.803,707.5355,838.6885,759.3064,854.2197,919.7962,NaN,NaN,NaN,NaN,NaN,NaN,834.063583,153.23,163.45,204.97,196.22,181.21,173.43,193.26,150.97,193.53,191.31,NaN,NaN,NaN,NaN,NaN,NaN,NaN,NaN,NaN,NaN,NaN,NaN,NaN,NaN,NaN,NaN,NaN,NaN,180.16,1.26,1.167,1.202,NaN,NaN,NaN,NaN,1.20966666666667,17,,,,
B163,UK,0,0,1,0,0,Bergman,M,0,579.3163,629.8792,576.3826,491.8235,638.5077,469.3894,564.3027,395.1845,491.8235,793.8204,NaN,NaN,NaN,NaN,NaN,NaN,563.0430,163.30,174.86,169.35,172.35,157.99,161.00,174.27,167.50,165.52,188.09,NaN,NaN,NaN,NaN,NaN,NaN,NaN,NaN,NaN,NaN,NaN,NaN,NaN,NaN,NaN,NaN,NaN,NaN,169.42,1.3,1.187,1.245,NaN,NaN,NaN,NaN,1.244,59,,,,
B164,Ghana,0,0,0,1,0,Bergman,M,0,724.61993,878.3795,681.6501,748.9523,692.0043,595.3653,652.3133,547.0458,1038.869,759.3064,NaN,NaN,NaN,NaN,NaN,NaN,731.850593,213.67,157.73,188.68,201.04,152.70,274.17,174.27,156.04,152.28,167.53,NaN,NaN,NaN,NaN,NaN,NaN,NaN,NaN,NaN,NaN,NaN,NaN,NaN,NaN,NaN,NaN,NaN,NaN,183.81,1.243,1.148,1.328,NaN,NaN,NaN,NaN,1.23966666666667,83,,,,
B165,Ghana,0,0,0,1,0,Bergman,M,0,284.22221,333.0594,350.3164,227.7919,312.3511,310.6254,333.0594,232.969,213.9864,201.9065,NaN,NaN,NaN,NaN,NaN,NaN,280.028771,153.95,159.74,132.48,162.41,153.50,149.84,152.57,142.53,135.13,150.43,NaN,NaN,NaN,NaN,NaN,NaN,NaN,NaN,NaN,NaN,NaN,NaN,NaN,NaN,NaN,NaN,NaN,NaN,149.26,1.177,1.091,1.216,NaN,NaN,NaN,NaN,1.16133333333333,63,,,,
B166,Ghana,0,0,0,1,0,Bergman,M,0,860.94999,1082.012,885.2823,945.6817,852.494,968.1157,788.6433,831.7857,819.7058,816.2544,NaN,NaN,NaN,NaN,NaN,NaN,885.092489,164.45,165.46,187.00,180.55,164.80,154.32,176.13,178.69,151.73,148.69,NaN,NaN,NaN,NaN,NaN,NaN,NaN,NaN,NaN,NaN,NaN,NaN,NaN,NaN,NaN,NaN,NaN,NaN,167.18,0.898654,0.840402,0.818383,0.820808,0.815803,0.779683,0.828955,0.828955,99,,,,
B167,Ghana,0,0,0,1,0,Bergman,M,0,458.34497,488.3721,488.3721,286.4656,348.5907,381.3789,393.4588,452.1325,421.0699,710.9869,NaN,NaN,NaN,NaN,NaN,NaN,442.917247,126.34,128.75,111.80,131.93,121.32,123.22,121.60,140.52,129.98,128.03,NaN,NaN,NaN,NaN,NaN,NaN,NaN,NaN,NaN,NaN,NaN,NaN,NaN,NaN,NaN,NaN,NaN,NaN,126.35,1.378,1.32,1.326,NaN,NaN,NaN,NaN,1.34133333333333,91,,,,
B168,Ghana,0,0,0,1,0,Bergman,M,0,986.75323,1102.72,971.5671,866.2996,723.0668,1223.519,869.751,897.3621,1130.331,888.7337,NaN,NaN,NaN,NaN,NaN,NaN,966.010353,177.43,159.39,165.28,174.97,176.38,158.25,151.38,193.12,152.66,160.82,NaN,NaN,NaN,NaN,NaN,NaN,NaN,NaN,NaN,NaN,NaN,NaN,NaN,NaN,NaN,NaN,NaN,NaN,166.97,1.510355,1.462988,1.275959,1.41921,1.235315,1.230745,1.355762,1.355762,70,,,,
B169,Ghana,0,0,0,1,0,Bergman,M,0,1490.31153,1535.87,1553.127,1516.887,1689.457,714.4383,1102.72,1263.21,1704.988,1625.606,NaN,NaN,NaN,NaN,NaN,NaN,1419.661483,100.68,121.86,116.86,102.02,106.02,107.08,123.02,112.65,104.11,91.35,NaN,NaN,NaN,NaN,NaN,NaN,NaN,NaN,NaN,NaN,NaN,NaN,NaN,NaN,NaN,NaN,NaN,NaN,108.57,1.233,1.164,1.533,NaN,NaN,NaN,NaN,1.31,132,,,,
B170,Ghana,0,0,0,1,0,Bergman,M,0,656.62747,624.7021,372.7504,572.9312,429.6984,733.421,840.4142,629.8792,553.9486,769.6606,NaN,NaN,NaN,NaN,NaN,NaN,618.403317,196.72,192.87,243.46,179.52,169.55,175.92,210.93,221.19,169.47,265.49,NaN,NaN,NaN,NaN,NaN,NaN,NaN,NaN,NaN,NaN,NaN,NaN,NaN,NaN,NaN,NaN,NaN,NaN,202.51,1.747374,1.847649,1.519229,1.424459,1.262601,1.370431,1.528624,1.528624,73,,,,
B171,Ghana,0,0,0,1,0,Bergman,M,0,379.13550825869,598.816665,336.510806,353.767771,419.344235,433.149807,248.500288,253.677377,433.149807,353.767771,NaN,NaN,NaN,NaN,NaN,NaN,380.982003525869,142.45,130.55,144.94,120.76,169.90,128.81,138.59,129.49,133.00,144.03,NaN,NaN,NaN,NaN,NaN,NaN,NaN,NaN,NaN,NaN,NaN,NaN,NaN,NaN,NaN,NaN,NaN,NaN,138.25,1.383255,1.359959,1.420179,1.218513,1.313716,1.339124,NaN,1.339124,73,,,,
B172,Ghana,0,0,0,1,0,Bergman,M,0,470.07971,586.7368,521.1603,526.3374,414.1671,445.2297,452.1325,433.1498,402.0873,415.8928,NaN,NaN,NaN,NaN,NaN,NaN,466.697341,126.94,140.44,145.96,135.17,124.61,143.07,131.01,136.04,127.95,135.60,NaN,NaN,NaN,NaN,NaN,NaN,NaN,NaN,NaN,NaN,NaN,NaN,NaN,NaN,NaN,NaN,NaN,NaN,134.68,1.227,1.023,1.249,NaN,NaN,NaN,NaN,1.16633333333333,64,,,,
B174,Ghana,0,0,0,1,0,Bergman,M,0,1843.9067,1539.321,1435.779,2063.933,1710.165,1962.117,2001.808,2680.007,1634.235,1508.259,NaN,NaN,NaN,NaN,NaN,NaN,1837.95307,77.65,78.08,86.98,64.17,95.05,NaN,NaN,NaN,NaN,NaN,NaN,NaN,NaN,NaN,NaN,NaN,NaN,NaN,NaN,NaN,NaN,NaN,NaN,NaN,NaN,NaN,NaN,NaN,80.39,1.163,1.287,1.249,NaN,NaN,NaN,NaN,1.233,85,,,,
B176,Ghana,0,0,0,1,0,Bergman,M,0,405.19352,452.1325,457.3096,395.1845,276.1114,374.4761,322.7052,469.3894,429.6984,295.0941,NaN,NaN,NaN,NaN,NaN,NaN,387.729472,157.87,145.66,164.23,134.15,162.18,161.13,160.31,151.90,164.21,147.89,NaN,NaN,NaN,NaN,NaN,NaN,NaN,NaN,NaN,NaN,NaN,NaN,NaN,NaN,NaN,NaN,NaN,NaN,154.95,1.226,1.375,1.353,NaN,NaN,NaN,NaN,1.318,115,,,,
B177,Ghana,0,0,0,1,0,Bergman,M,0,814.18357,669.5702,899.0878,928.4247,843.8656,534.9659,852.494,854.2197,897.3621,942.2303,NaN,NaN,NaN,NaN,NaN,NaN,823.640387,162.99,194.90,190.15,169.16,153.99,154.37,179.06,182.53,194.11,181.65,NaN,NaN,NaN,NaN,NaN,NaN,NaN,NaN,NaN,NaN,NaN,NaN,NaN,NaN,NaN,NaN,NaN,NaN,176.29,0.93,0.919,NaN,NaN,NaN,NaN,NaN,0.9245,79,,,,
B178,Ghana,0,0,0,1,0,Bergman,M,0,422.62305,509.0805,364.1219,417.6185,422.7956,374.4761,474.5665,495.2749,446.9554,346.865,NaN,NaN,NaN,NaN,NaN,NaN,427.437745,120.85,136.73,137.66,113.10,125.46,139.19,135.68,122.08,137.52,120.07,NaN,NaN,NaN,NaN,NaN,NaN,NaN,NaN,NaN,NaN,NaN,NaN,NaN,NaN,NaN,NaN,NaN,NaN,128.83,0.843,0.996,0.993,NaN,NaN,NaN,NaN,0.944,65,,,,
B180,Ghana,0,0,0,1,0,Bergman,M,0,1025.40893,1119.977,973.2928,1085.463,652.3133,902.5392,1133.783,1240.776,1144.137,1052.675,NaN,NaN,NaN,NaN,NaN,NaN,1033.036523,213.17,203.07,195.40,176.24,192.88,179.09,212.73,196.75,199.94,215.03,NaN,NaN,NaN,NaN,NaN,NaN,NaN,NaN,NaN,NaN,NaN,NaN,NaN,NaN,NaN,NaN,NaN,NaN,198.43,1.445,1.319,1.617,NaN,NaN,NaN,NaN,1.46033333333333,58,,,,
B181,Ghana,0,0,0,1,0,Bergman,M,0,761.54988,576.3826,557.4,448.6811,484.9207,724.7925,857.6711,940.5046,647.1362,1171.748,NaN,NaN,NaN,NaN,NaN,NaN,717.078668,169.09,175.21,163.54,140.14,142.69,155.76,162.87,149.85,132.84,115.68,NaN,NaN,NaN,NaN,NaN,NaN,NaN,NaN,NaN,NaN,NaN,NaN,NaN,NaN,NaN,NaN,NaN,NaN,150.77,1.42925,1.463661,1.370606,1.405142,1.404141,1.41456,NaN,1.41456,106,,,,
B182,Ghana,0,0,0,1,0,Bergman,M,0,796.58147,712.7126,742.0495,700.6328,788.6433,652.3133,881.8309,704.0841,1130.331,821.4315,NaN,NaN,NaN,NaN,NaN,NaN,793.061047,226.63,186.17,253.81,232.18,244.15,NaN,NaN,214.93,212.32,207.71,NaN,NaN,NaN,NaN,NaN,NaN,NaN,NaN,NaN,NaN,NaN,NaN,NaN,NaN,NaN,NaN,NaN,NaN,222.24,1.305,1.536,1.37,NaN,NaN,NaN,NaN,1.40366666666667,91,,,,
B183,Ghana,0,0,0,1,0,Bergman,M,0,756.20015,752.4036,407.2644,553.9486,662.6674,704.0841,843.8656,1075.109,1009.532,771.3863,NaN,NaN,NaN,NaN,NaN,NaN,753.646115,187.94,165.54,161.70,191.13,177.78,184.27,183.24,191.17,158.24,165.55,NaN,NaN,NaN,NaN,NaN,NaN,NaN,NaN,NaN,NaN,NaN,NaN,NaN,NaN,NaN,NaN,NaN,NaN,176.66,1.943,1.802,1.84,NaN,NaN,NaN,NaN,1.86166666666667,145,,,,
B184,Georgia,0,0,0,0,1,Bergman,M,0,396.04731,521.1603,528.0631,415.8928,422.7956,353.7678,376.2018,229.5176,415.8928,269.2086,NaN,NaN,NaN,NaN,NaN,NaN,392.854771,184.17,189.81,166.19,186.21,171.86,185.74,147.77,154.04,180.30,180.39,NaN,NaN,NaN,NaN,NaN,NaN,NaN,NaN,NaN,NaN,NaN,NaN,NaN,NaN,NaN,NaN,NaN,NaN,174.65,1.445255,1.414618,1.494754,1.285327,1.191936,1.227186,1.343179,1.343179,154,,,,
B185,Georgia,0,0,0,0,1,Bergman,M,0,725.82796,812.803,1151.04,488.3721,814.5287,497.0006,262.3059,1011.258,783.4662,855.9454,NaN,NaN,NaN,NaN,NaN,NaN,740.254786,169.69,165.42,151.26,183.35,162.42,193.03,172.87,166.89,169.04,158.23,NaN,NaN,NaN,NaN,NaN,NaN,NaN,NaN,NaN,NaN,NaN,NaN,NaN,NaN,NaN,NaN,NaN,NaN,169.22,1.747374,1.847649,1.519229,1.466179,1.675368,1.609032,1.644139,1.644139,81,,,,
B186,Georgia,0,0,0,0,1,Bergman,M,0,922.38479,773.112,897.3621,1152.765,638.5077,748.9523,1054.401,999.1782,1064.755,1142.411,NaN,NaN,NaN,NaN,NaN,NaN,939.382909,244.74,238.35,248.50,244.00,221.99,215.90,236.37,272.22,236.28,244.61,NaN,NaN,NaN,NaN,NaN,NaN,NaN,NaN,NaN,NaN,NaN,NaN,NaN,NaN,NaN,NaN,NaN,NaN,240.30,1.744233,1.502225,1.206473,1.303048,1.24248,1.399691,NaN,1.39969166666667,81,,,,
B187,Georgia,0,0,0,0,1,Bergman,M,0,951.72153,598.8167,916.3448,479.7436,1145.862,943.956,1085.463,1202.81,976.7442,1090.64,NaN,NaN,NaN,NaN,NaN,NaN,939.210183,158.46,141.74,136.53,157.03,152.08,142.78,148.39,170.38,148.96,158.05,NaN,NaN,NaN,NaN,NaN,NaN,NaN,NaN,NaN,NaN,NaN,NaN,NaN,NaN,NaN,NaN,NaN,NaN,151.44,1.451,1.085,1.2,NaN,NaN,NaN,NaN,1.24533333333333,203,,,,
B188,Georgia,0,0,0,0,1,Bergman,M,0,704.42929,660.9417,505.6291,731.6953,693.73,707.5355,669.5702,781.7405,736.8724,845.5913,NaN,NaN,NaN,NaN,NaN,NaN,703.773529,189.35,136.46,181.93,179.28,214.71,165.94,169.98,175.67,190.53,193.61,NaN,NaN,NaN,NaN,NaN,NaN,NaN,NaN,NaN,NaN,NaN,NaN,NaN,NaN,NaN,NaN,NaN,NaN,179.75,1.139,1.112,NaN,NaN,NaN,NaN,NaN,1.1255,62,,,,
B189,Georgia,0,0,0,0,1,Bergman,M,0,1483.23616666667,1553.127,1373.654,1207.988,1170.022,NaN,NaN,NaN,NaN,2036.322,NaN,NaN,NaN,NaN,NaN,NaN,1470.72486111111,163.61,147.75,169.12,159.33,155.66,151.60,168.23,165.37,155.96,141.25,NaN,NaN,NaN,NaN,NaN,NaN,NaN,NaN,NaN,NaN,NaN,NaN,NaN,NaN,NaN,NaN,NaN,NaN,157.79,1.322,1.415,1.267,NaN,NaN,NaN,NaN,1.33466666666667,137,,,,
B190,Georgia,0,0,0,0,1,Bergman,M,0,637.81742,585.0111,507.3548,457.3096,616.0736,585.0111,695.4557,683.3758,812.803,695.4557,NaN,NaN,NaN,NaN,NaN,NaN,627.566782,207.21,177.71,188.37,245.73,208.13,209.01,231.38,217.96,252.43,236.44,NaN,NaN,NaN,NaN,NaN,NaN,NaN,NaN,NaN,NaN,NaN,NaN,NaN,NaN,NaN,NaN,NaN,NaN,217.44,1.808588,1.964513,1.682023,1.437425,1.836754,1.517631,1.707822,1.707822,161,,,,
B191,Georgia,0,0,0,0,1,Bergman,M,0,1353.46362,1301.175,1692.908,1392.637,1180.376,1402.991,1670.474,1256.307,1508.259,1539.321,NaN,NaN,NaN,NaN,NaN,NaN,1429.791162,165.56,202.16,193.80,177.82,177.71,179.88,188.86,206.01,198.30,140.62,NaN,NaN,NaN,NaN,NaN,NaN,NaN,NaN,NaN,NaN,NaN,NaN,NaN,NaN,NaN,NaN,NaN,NaN,183.07,1.321,1.231,1.529,NaN,NaN,NaN,NaN,1.36033333333333,115,,,,
B192,Georgia,0,0,0,0,1,Bergman,M,0,696.7979,602.2681,603.9938,783.4662,591.9139,581.5597,795.5461,773.112,603.9938,935.3275,NaN,NaN,NaN,NaN,NaN,NaN,696.7979,167.05,170.39,196.58,173.28,164.99,172.34,195.85,162.99,181.85,201.47,NaN,NaN,NaN,NaN,NaN,NaN,NaN,NaN,NaN,NaN,NaN,NaN,NaN,NaN,NaN,NaN,NaN,NaN,178.68,1.252,1.014,1.021,NaN,NaN,NaN,NaN,1.09566666666667,20,,,,
B193,Georgia,0,0,0,0,1,Bergman,M,0,429.35327,483.195,528.0631,421.0699,453.8582,384.8303,379.6532,471.1151,443.504,301.9969,NaN,NaN,NaN,NaN,NaN,NaN,429.663897,212.83,234.00,180.48,203.79,173.39,181.72,198.85,184.29,183.32,171.07,NaN,NaN,NaN,NaN,NaN,NaN,NaN,NaN,NaN,NaN,NaN,NaN,NaN,NaN,NaN,NaN,NaN,NaN,192.37,1.16,1.389,1.301,NaN,NaN,NaN,NaN,1.28333333333333,113,,,,
B194,Georgia,0,0,0,0,1,Bergman,M,0,1232.72253333333,1558.304,980.1956,999.1782,1280.467,1206.262,1237.324,1333.963,1347.769,1151.04,NaN,NaN,NaN,NaN,NaN,NaN,1232.72253333333,113.15,134.54,137.53,125.47,137.18,137.79,159.35,130.93,124.98,NaN,NaN,NaN,NaN,NaN,NaN,NaN,NaN,NaN,NaN,NaN,NaN,NaN,NaN,NaN,NaN,NaN,NaN,NaN,133.44,1.327,1.219,1.238,NaN,NaN,NaN,NaN,1.26133333333333,94,,,,
B195,Georgia,0,0,0,0,1,Bergman,M,0,463.69463,521.1603,310.6254,408.9901,467.6637,465.938,391.7331,478.0179,459.0353,714.4383,NaN,NaN,NaN,NaN,NaN,NaN,468.129673,187.31,212.39,206.98,192.14,189.97,185.32,201.58,200.86,230.77,170.60,NaN,NaN,NaN,NaN,NaN,NaN,NaN,NaN,NaN,NaN,NaN,NaN,NaN,NaN,NaN,NaN,NaN,NaN,197.79,1.742,1.536,1.82,NaN,NaN,NaN,NaN,1.69933333333333,71,,,,
B196,Georgia,0,0,0,0,1,Bergman,M,0,477.250944444444,652.3133,443.504,376.2018,350.3164,469.3894,569.4798,453.8582,484.9207,495.2749,NaN,NaN,NaN,NaN,NaN,NaN,477.250944444444,183.10,173.95,177.71,163.99,167.46,170.22,201.84,187.34,136.25,171.08,NaN,NaN,NaN,NaN,NaN,NaN,NaN,NaN,NaN,NaN,NaN,NaN,NaN,NaN,NaN,NaN,NaN,NaN,173.29,1.095,1.158,1.016,NaN,NaN,NaN,NaN,1.08966666666667,71,,,,
B197,Georgia,0,0,0,0,1,Bergman,M,0,1873.9337,1651.491,2074.287,2205.44,1881.009,1632.509,1960.391,1501.356,1984.551,1965.568,NaN,NaN,NaN,NaN,NaN,NaN,1873.05357,151.41,169.91,148.52,159.62,196.99,185.33,196.95,179.16,157.22,164.90,NaN,NaN,NaN,NaN,NaN,NaN,NaN,NaN,NaN,NaN,NaN,NaN,NaN,NaN,NaN,NaN,NaN,NaN,171.00,1.261,1.273,1.246,NaN,NaN,NaN,NaN,1.26,153,,,,
B139,France,1,0,0,0,0,Bergman,F,1,667.652822222222,543.5944,550.4972,659.216,586.7368,552.2229,493.5492,748.9523,769.6606,NaN,NaN,NaN,NaN,NaN,NaN,NaN,619.12024691358,162.20,139.28,191.67,168.30,179.12,181.81,174.19,136.98,189.98,159.62,NaN,NaN,NaN,NaN,NaN,NaN,NaN,NaN,NaN,NaN,NaN,NaN,NaN,NaN,NaN,NaN,NaN,NaN,168.32,1.038,1.011,1.029,NaN,NaN,NaN,NaN,1.026,,,,,
B140,France,1,0,0,0,0,Bergman,F,1,909.44206,522.886,638.5077,1213.165,962.9386,702.3585,723.0668,1159.668,1059.578,1040.595,NaN,NaN,NaN,NaN,NaN,NaN,893.220566,155.13,191.20,171.37,189.13,155.46,292.38,177.34,159.60,117.56,140.71,NaN,NaN,NaN,NaN,NaN,NaN,NaN,NaN,NaN,NaN,NaN,NaN,NaN,NaN,NaN,NaN,NaN,NaN,174.99,1.798121,1.657873,1.353145,1.506587,1.3793,1.539005,NaN,1.53900516666667,,,,,
B141,France,1,0,0,0,0,Bergman,F,1,953.79236,1415.071,873.2024,1157.942,897.3621,755.855,783.4662,1113.074,835.2371,767.9349,NaN,NaN,NaN,NaN,NaN,NaN,955.293706,169.09,160.69,211.05,113.91,179.78,155.11,204.73,117.09,161.94,147.70,NaN,NaN,NaN,NaN,NaN,NaN,NaN,NaN,NaN,NaN,NaN,NaN,NaN,NaN,NaN,NaN,NaN,NaN,162.11,1.632,1.82,1.985,NaN,NaN,NaN,NaN,1.81233333333333,,,,,
B142,France,1,0,0,0,0,Bergman,F,1,964.4918,997.4525,1025.064,692.0043,1216.616,1025.064,704.0841,893.9108,1092.366,942.2303,NaN,NaN,NaN,NaN,NaN,NaN,955.32838,175.29,130.68,152.04,148.81,92.91,152.64,146.65,163.54,167.12,165.44,NaN,NaN,NaN,NaN,NaN,NaN,NaN,NaN,NaN,NaN,NaN,NaN,NaN,NaN,NaN,NaN,NaN,NaN,149.51,1.723,1.78,1.743,NaN,NaN,NaN,NaN,1.74866666666667,,,,,
B143,France,1,0,0,0,0,Bergman,F,1,963.28374,961.2129,1166.571,1220.067,710.9869,807.6259,678.1987,1028.515,949.133,1068.206,NaN,NaN,NaN,NaN,NaN,NaN,955.380014,170.89,141.74,153.26,128.54,161.79,149.17,129.79,164.06,149.04,135.49,NaN,NaN,NaN,NaN,NaN,NaN,NaN,NaN,NaN,NaN,NaN,NaN,NaN,NaN,NaN,NaN,NaN,NaN,148.38,1.651,1.655,1.734,NaN,NaN,NaN,NaN,1.68,,,,,
B144,France,1,0,0,0,0,Bergman,F,1,1143.61907,1302.901,1192.456,1175.199,831.7857,1104.446,1130.331,1002.63,1297.724,1261.484,NaN,NaN,NaN,NaN,NaN,NaN,1144.257577,107.33,188.45,213.63,219.88,218.52,234.15,188.68,219.58,175.61,165.21,NaN,NaN,NaN,NaN,NaN,NaN,NaN,NaN,NaN,NaN,NaN,NaN,NaN,NaN,NaN,NaN,NaN,NaN,193.10,1.102,1.168,1.074,NaN,NaN,NaN,NaN,1.11466666666667,,,,,
B145,France,1,0,0,0,0,Bergman,F,1,800.5506,667.8445,855.9454,990.5498,798.9975,994.0012,736.8724,786.9176,557.4,871.4767,NaN,NaN,NaN,NaN,NaN,NaN,806.0556,166.26,212.12,170.13,187.36,187.69,199.22,155.65,175.97,233.09,141.25,NaN,NaN,NaN,NaN,NaN,NaN,NaN,NaN,NaN,NaN,NaN,NaN,NaN,NaN,NaN,NaN,NaN,NaN,182.87,1.811562,2.050778,1.782644,1.81781,1.908463,1.874251,NaN,1.87425133333333,,,,,
B146,France,1,0,0,0,0,Bergman,F,1,879.41489,1125.154,767.9349,943.956,873.2024,855.9454,809.3516,888.7337,807.6259,807.6259,NaN,NaN,NaN,NaN,NaN,NaN,875.894469,230.09,249.03,344.55,255.57,259.65,231.88,222.25,216.12,253.13,205.72,NaN,NaN,NaN,NaN,NaN,NaN,NaN,NaN,NaN,NaN,NaN,NaN,NaN,NaN,NaN,NaN,NaN,NaN,246.80,1.840382,1.93149,1.800153,1.397352,1.484359,1.390325,1.640677,1.64067685714286,,,,,
B147,France,1,0,0,0,0,Bergman,F,1,1351.9106,1489.276,1113.074,1375.38,1283.918,1306.352,1484.099,1240.776,1254.581,1406.443,NaN,NaN,NaN,NaN,NaN,NaN,1330.58096,191.69,111.55,147.09,156.96,176.00,189.45,169.46,170.94,171.04,162.09,NaN,NaN,NaN,NaN,NaN,NaN,NaN,NaN,NaN,NaN,NaN,NaN,NaN,NaN,NaN,NaN,NaN,NaN,164.63,1.504,1.307,1.573,NaN,NaN,NaN,NaN,1.46133333333333,,,,,
B148,France,1,0,0,0,0,Bergman,F,1,943.95598,911.1677,714.4383,923.2476,897.3621,945.6817,679.9244,1044.046,1052.675,1161.394,NaN,NaN,NaN,NaN,NaN,NaN,927.389278,133.23,126.72,207.49,159.81,130.66,123.09,193.73,177.78,157.27,171.26,NaN,NaN,NaN,NaN,NaN,NaN,NaN,NaN,NaN,NaN,NaN,NaN,NaN,NaN,NaN,NaN,NaN,NaN,158.10,1.454,1.162,1.502,NaN,NaN,NaN,NaN,1.37266666666667,,,,,
B149,France,1,0,0,0,0,Bergman,F,1,1123.9462,1014.71,1390.911,1000.904,1064.755,975.0185,1057.852,878.3795,1190.731,1454.762,NaN,NaN,NaN,NaN,NaN,NaN,1115.19692,145.45,122.73,115.80,145.61,143.29,158.01,135.60,122.02,182.08,175.53,NaN,NaN,NaN,NaN,NaN,NaN,NaN,NaN,NaN,NaN,NaN,NaN,NaN,NaN,NaN,NaN,NaN,NaN,144.61,1.445,1.698,1.59,NaN,NaN,NaN,NaN,1.57766666666667,,,,,
B151,France,1,0,0,0,0,Bergman,F,1,723.92965,433.1498,372.7504,502.1777,288.1913,578.1083,486.6464,650.5876,1337.415,1306.352,NaN,NaN,NaN,NaN,NaN,NaN,667.930815,193.41,191.73,182.31,142.93,236.07,192.74,202.76,179.11,193.30,210.77,NaN,NaN,NaN,NaN,NaN,NaN,NaN,NaN,NaN,NaN,NaN,NaN,NaN,NaN,NaN,NaN,NaN,NaN,192.51,0.94,1.33,1.181,NaN,NaN,NaN,NaN,1.15033333333333,,,,,
B152,France,1,0,0,0,0,Bergman,F,1,819.8784,821.4315,647.1362,719.6154,881.8309,890.4594,892.1851,1035.418,754.1293,645.4105,NaN,NaN,NaN,NaN,NaN,NaN,810.7495,130.75,120.97,120.32,158.80,131.89,125.74,136.29,128.73,115.38,142.37,NaN,NaN,NaN,NaN,NaN,NaN,NaN,NaN,NaN,NaN,NaN,NaN,NaN,NaN,NaN,NaN,NaN,NaN,131.12,1.9392,1.676232,1.694281,1.848896,1.610369,1.536561,1.71759,1.71758985714286,,,,,
B153,France,1,0,0,0,0,Bergman,F,1,440.052585714286,467.6637,250.226,245.0489,471.1151,478.0179,465.938,702.3585,NaN,NaN,NaN,NaN,NaN,NaN,NaN,NaN,440.052585714286,147.80,103.83,74.92,182.27,150.71,191.57,166.50,169.60,169.06,127.01,NaN,NaN,NaN,NaN,NaN,NaN,NaN,NaN,NaN,NaN,NaN,NaN,NaN,NaN,NaN,NaN,NaN,NaN,148.33,1.793,1.453,1.624,NaN,NaN,NaN,NaN,1.62333333333333,,,,,
B154,France,1,0,0,0,0,Bergman,F,1,1031.10357,774.8377,1107.897,928.4247,1135.508,1239.05,1007.807,1118.251,1116.526,850.7683,NaN,NaN,NaN,NaN,NaN,NaN,1031.017327,127.78,146.44,140.21,158.42,165.68,148.00,202.81,155.75,126.27,150.91,NaN,NaN,NaN,NaN,NaN,NaN,NaN,NaN,NaN,NaN,NaN,NaN,NaN,NaN,NaN,NaN,NaN,NaN,152.23,1.634,1.525,1.529,NaN,NaN,NaN,NaN,1.56266666666667,,,,,
B155,France,1,0,0,0,0,Bergman,F,1,1268.73193,1359.849,1523.79,1128.605,1149.314,1335.689,1050.949,1387.46,1294.272,924.9733,NaN,NaN,NaN,NaN,NaN,NaN,1242.363323,122.17,195.87,144.08,139.19,176.01,141.50,127.10,171.08,161.33,201.68,NaN,NaN,NaN,NaN,NaN,NaN,NaN,NaN,NaN,NaN,NaN,NaN,NaN,NaN,NaN,NaN,NaN,NaN,158.00,2.129,2.017,2.148,NaN,NaN,NaN,NaN,2.098,,,,,
B156,France,1,0,0,0,0,Bergman,F,1,1179.16838,942.2303,1499.63,1183.828,1358.123,931.8761,1031.966,930.1504,1423.7,1290.821,NaN,NaN,NaN,NaN,NaN,NaN,1177.149318,166.76,245.97,205.94,237.84,187.63,186.41,207.07,213.56,206.53,178.67,NaN,NaN,NaN,NaN,NaN,NaN,NaN,NaN,NaN,NaN,NaN,NaN,NaN,NaN,NaN,NaN,NaN,NaN,203.64,2.087411,1.841932,1.833018,1.624659,1.83061,1.710502,1.821355,1.82135528571429,,,,,
B157,France,1,0,0,0,0,Bergman,F,1,839.72387,873.2024,1106.171,945.6817,693.73,885.2823,700.6328,778.2891,798.9975,969.8414,NaN,NaN,NaN,NaN,NaN,NaN,859.155207,181.84,196.78,205.40,174.98,282.08,179.55,152.11,185.03,184.32,81.35,NaN,NaN,NaN,NaN,NaN,NaN,NaN,NaN,NaN,NaN,NaN,NaN,NaN,NaN,NaN,NaN,NaN,NaN,182.34,1.78,1.616,1.728,NaN,NaN,NaN,NaN,1.708,,,,,
B158,France,1,0,0,0,0,Bergman,F,1,1194.18192,1230.422,1159.668,918.0705,1297.724,1228.696,999.1782,1447.859,1549.675,1118.251,NaN,NaN,NaN,NaN,NaN,NaN,1214.372562,197.10,238.79,165.30,194.58,173.11,174.19,188.09,155.31,166.72,129.84,NaN,NaN,NaN,NaN,NaN,NaN,NaN,NaN,NaN,NaN,NaN,NaN,NaN,NaN,NaN,NaN,NaN,NaN,178.30,2.244859,2.343066,2.167723,1.805386,1.775859,1.787585,2.020746,2.020746,,,,,
B159,France,1,0,0,0,0,Bergman,F,1,918.41555,717.8897,650.5876,1202.81,866.2996,956.0358,500.452,914.6191,1142.411,968.1157,NaN,NaN,NaN,NaN,NaN,NaN,883.763605,162.60,170.97,148.61,160.95,122.34,154.89,168.63,151.99,162.64,206.64,NaN,NaN,NaN,NaN,NaN,NaN,NaN,NaN,NaN,NaN,NaN,NaN,NaN,NaN,NaN,NaN,NaN,NaN,161.03,1.754,1.836,1.702,NaN,NaN,NaN,NaN,1.764,,,,,
B160,Morocco,0,1,0,0,0,Bergman,F,1,1030.06831,1152.765,1256.307,1133.783,956.0358,1030.241,700.6328,1240.776,843.8656,864.5739,NaN,NaN,NaN,NaN,NaN,NaN,1020.904841,131.39,156.80,220.49,116.55,150.15,134.70,196.55,193.81,138.44,100.12,NaN,NaN,NaN,NaN,NaN,NaN,NaN,NaN,NaN,NaN,NaN,NaN,NaN,NaN,NaN,NaN,NaN,NaN,153.90,1.278,1.171,1.197,NaN,NaN,NaN,NaN,1.21533333333333,,,,,
B161,Morocco,0,1,0,0,0,Bergman,F,1,449.88906,441.7783,408.9901,329.608,379.6532,303.7226,471.1151,358.9449,472.8408,716.164,NaN,NaN,NaN,NaN,NaN,NaN,433.270606,266.56,187.48,191.93,285.47,200.84,241.70,220.78,223.92,288.64,281.60,NaN,NaN,NaN,NaN,NaN,NaN,NaN,NaN,NaN,NaN,NaN,NaN,NaN,NaN,NaN,NaN,NaN,NaN,238.89,2.026,1.864,2.034,NaN,NaN,NaN,NaN,1.97466666666667,,,,,
B162,UK,0,0,1,0,0,Bergman,F,1,998.48792,905.9906,947.4073,890.4594,997.4525,767.9349,1107.897,1264.935,1075.109,1030.241,NaN,NaN,NaN,NaN,NaN,NaN,998.591462,234.21,165.98,191.99,187.04,174.08,164.84,181.33,167.07,152.55,190.60,NaN,NaN,NaN,NaN,NaN,NaN,NaN,NaN,NaN,NaN,NaN,NaN,NaN,NaN,NaN,NaN,NaN,NaN,180.97,1.26,1.167,1.202,NaN,NaN,NaN,NaN,1.20966666666667,,,,,
B163,UK,0,0,1,0,0,Bergman,F,1,793.82037,981.9213,861.1225,740.3238,740.3238,693.73,754.1293,786.9176,640.2334,850.7683,NaN,NaN,NaN,NaN,NaN,NaN,784.329037,267.37,202.59,178.77,219.18,178.30,179.13,203.20,188.91,206.77,,NaN,NaN,NaN,NaN,NaN,NaN,NaN,NaN,NaN,NaN,NaN,NaN,NaN,NaN,NaN,NaN,NaN,NaN,202.69,1.3,1.187,1.245,NaN,NaN,NaN,NaN,1.244,,,,,
B164,Ghana,0,0,0,1,0,Bergman,F,1,701.7113125,648.8619,705.8098,673.0216,717.8897,736.8724,NaN,NaN,726.5182,736.8724,NaN,NaN,NaN,NaN,NaN,NaN,705.9446640625,194.82,164.43,186.47,268.88,213.80,224.35,205.45,160.80,229.37,205.19,NaN,NaN,NaN,NaN,NaN,NaN,NaN,NaN,NaN,NaN,NaN,NaN,NaN,NaN,NaN,NaN,NaN,NaN,205.36,1.243,1.148,1.328,NaN,NaN,NaN,NaN,1.23966666666667,,,,,
B165,Ghana,0,0,0,1,0,Bergman,F,1,542.3864,390.0074,369.299,390.0074,372.7504,424.5213,403.813,798.9975,843.8656,647.1362,NaN,NaN,NaN,NaN,NaN,NaN,518.27842,170.66,175.29,163.43,135.47,182.74,193.74,159.78,163.51,161.82,186.43,NaN,NaN,NaN,NaN,NaN,NaN,NaN,NaN,NaN,NaN,NaN,NaN,NaN,NaN,NaN,NaN,NaN,NaN,169.29,1.177,1.091,1.216,NaN,NaN,NaN,NaN,1.16133333333333,,,,,
B166,Ghana,0,0,0,1,0,Bergman,F,1,625.21982,607.4451,771.3863,583.2854,654.039,755.855,427.9727,517.7089,781.7405,498.7263,NaN,NaN,NaN,NaN,NaN,NaN,622.337902,171.08,191.89,168.16,180.55,176.17,122.90,123.15,230.74,151.03,146.95,NaN,NaN,NaN,NaN,NaN,NaN,NaN,NaN,NaN,NaN,NaN,NaN,NaN,NaN,NaN,NaN,NaN,NaN,166.26,0.898654,0.840402,0.818383,0.820808,0.815803,0.779683,0.828955,0.828955,,,,,
B167,Ghana,0,0,0,1,0,Bergman,F,1,787.60789,764.4835,521.1603,678.1987,714.4383,840.4142,842.1399,1076.835,878.3795,759.3064,NaN,NaN,NaN,NaN,NaN,NaN,786.296369,154.72,122.53,115.84,118.17,139.54,115.43,120.01,126.30,140.76,118.01,NaN,NaN,NaN,NaN,NaN,NaN,NaN,NaN,NaN,NaN,NaN,NaN,NaN,NaN,NaN,NaN,NaN,NaN,127.13,1.378,1.32,1.326,NaN,NaN,NaN,NaN,1.34133333333333,,,,,
B168,Ghana,0,0,0,1,0,Bergman,F,1,940.67717,1109.623,1061.303,793.8204,1019.887,1018.161,800.7231,785.1919,1045.772,843.8656,NaN,NaN,NaN,NaN,NaN,NaN,941.902417,183.34,181.60,265.56,159.08,211.91,185.94,155.24,153.00,313.31,178.02,NaN,NaN,NaN,NaN,NaN,NaN,NaN,NaN,NaN,NaN,NaN,NaN,NaN,NaN,NaN,NaN,NaN,NaN,198.70,1.510355,1.462988,1.275959,1.41921,1.235315,1.230745,1.355762,1.355762,,,,,
B169,Ghana,0,0,0,1,0,Bergman,F,1,1657.704,1477.196,1589.366,1468.568,1327.061,1299.449,1829.238,1478.922,1894.815,2327.964,NaN,NaN,NaN,NaN,NaN,NaN,1635.028,125.67,98.84,111.42,131.94,121.14,100.71,126.97,104.77,115.96,112.72,NaN,NaN,NaN,NaN,NaN,NaN,NaN,NaN,NaN,NaN,NaN,NaN,NaN,NaN,NaN,NaN,NaN,NaN,115.01,1.233,1.164,1.533,NaN,NaN,NaN,NaN,1.31,,,,,
B170,Ghana,0,0,0,1,0,Bergman,F,1,883.38396,950.8587,862.8482,755.855,855.9454,980.1956,740.3238,819.7058,890.4594,1026.789,NaN,NaN,NaN,NaN,NaN,NaN,876.636486,301.20,NaN,175.68,177.23,154.90,183.97,149.73,147.34,202.46,185.55,NaN,NaN,NaN,NaN,NaN,NaN,NaN,NaN,NaN,NaN,NaN,NaN,NaN,NaN,NaN,NaN,NaN,NaN,186.451111111111,1.747374,1.847649,1.519229,1.424459,1.262601,1.370431,1.528624,1.528624,,,,,
B171,Ghana,0,0,0,1,0,Bergman,F,1,744.6,619.5,757.6,593.6,595.4,850.8,617.8,861.1,752.4,743.8,NaN,NaN,NaN,NaN,NaN,NaN,713.7,160.02,138.48,141.88,126.62,149.49,134.96,129.56,135.95,125.19,164.28,NaN,NaN,NaN,NaN,NaN,NaN,NaN,NaN,NaN,NaN,NaN,NaN,NaN,NaN,NaN,NaN,NaN,NaN,140.64,1.383255,1.359959,1.420179,1.218513,1.313716,1.339124,NaN,1.339124,,,,,
B172,Ghana,0,0,0,1,0,Bergman,F,1,722.54909,754.1293,667.8445,759.3064,893.9108,614.3479,660.9417,771.3863,797.2718,723.0668,NaN,NaN,NaN,NaN,NaN,NaN,736.475459,150.90,137.38,141.68,147.32,118.92,156.33,137.31,122.22,127.30,132.01,NaN,NaN,NaN,NaN,NaN,NaN,NaN,NaN,NaN,NaN,NaN,NaN,NaN,NaN,NaN,NaN,NaN,NaN,137.14,1.227,1.023,1.249,NaN,NaN,NaN,NaN,1.16633333333333,,,,,
B174,Ghana,0,0,0,1,0,Bergman,F,1,978.81509,1187.279,1076.835,907.7163,1137.234,1213.165,900.8135,721.3411,821.4315,975.0185,NaN,NaN,NaN,NaN,NaN,NaN,991.964899,92.06,118.16,97.92,64.93,94.89,NaN,NaN,NaN,NaN,NaN,NaN,NaN,NaN,NaN,NaN,NaN,NaN,NaN,NaN,NaN,NaN,NaN,NaN,NaN,NaN,NaN,NaN,NaN,93.59,1.163,1.287,1.249,NaN,NaN,NaN,NaN,1.233,,,,,
B176,Ghana,0,0,0,1,0,Bergman,F,1,827.12633,645.4105,697.1814,971.5671,873.2024,716.164,503.9034,968.1157,1025.064,1147.588,NaN,NaN,NaN,NaN,NaN,NaN,837.532283,153.68,153.39,154.68,107.13,149.10,147.07,211.28,207.37,165.15,137.89,NaN,NaN,NaN,NaN,NaN,NaN,NaN,NaN,NaN,NaN,NaN,NaN,NaN,NaN,NaN,NaN,NaN,NaN,158.67,1.226,1.375,1.353,NaN,NaN,NaN,NaN,1.318,,,,,
B177,Ghana,0,0,0,1,0,Bergman,F,1,771.04117,845.5913,866.2996,643.6848,876.6538,704.0841,667.8445,862.8482,690.2786,862.8482,NaN,NaN,NaN,NaN,NaN,NaN,779.117427,214.53,249.29,236.98,199.36,168.16,223.28,158.42,274.26,210.34,166.08,NaN,NaN,NaN,NaN,NaN,NaN,NaN,NaN,NaN,NaN,NaN,NaN,NaN,NaN,NaN,NaN,NaN,NaN,210.07,0.93,0.919,NaN,NaN,NaN,NaN,NaN,0.9245,,,,,
B178,Ghana,0,0,0,1,0,Bergman,F,1,698.90704,364.1219,431.4241,564.3027,441.7783,490.0978,548.7715,1099.269,1168.296,885.2823,NaN,NaN,NaN,NaN,NaN,NaN,669.225064,154.21,160.34,144.02,131.88,156.53,157.73,NaN,168.27,NaN,157.20,NaN,NaN,NaN,NaN,NaN,NaN,NaN,NaN,NaN,NaN,NaN,NaN,NaN,NaN,NaN,NaN,NaN,NaN,153.77,0.843,0.996,0.993,NaN,NaN,NaN,NaN,0.944,,,,,
B180,Ghana,0,0,0,1,0,Bergman,F,1,929.80527,1156.217,1035.418,926.699,828.3343,987.0984,852.494,912.8934,750.678,1135.508,NaN,NaN,NaN,NaN,NaN,NaN,951.514537,238.64,172.07,216.51,156.40,241.58,184.78,167.25,172.27,213.17,163.23,NaN,NaN,NaN,NaN,NaN,NaN,NaN,NaN,NaN,NaN,NaN,NaN,NaN,NaN,NaN,NaN,NaN,NaN,192.59,1.445,1.319,1.617,NaN,NaN,NaN,NaN,1.46033333333333,,,,,
B181,Ghana,0,0,0,1,0,Bergman,F,1,1122.22034,664.3931,893.9108,1427.151,957.7615,1173.474,1197.633,1130.331,1028.515,1090.64,NaN,NaN,NaN,NaN,NaN,NaN,1068.602974,156.72,152.27,176.85,173.05,146.49,152.95,130.56,145.08,169.67,191.18,NaN,NaN,NaN,NaN,NaN,NaN,NaN,NaN,NaN,NaN,NaN,NaN,NaN,NaN,NaN,NaN,NaN,NaN,159.48,1.42925,1.463661,1.370606,1.405142,1.404141,1.41456,NaN,1.41456,,,,,
B182,Ghana,0,0,0,1,0,Bergman,F,1,929.63269,987.0984,880.1052,966.39,541.8687,887.008,852.494,980.1956,1044.046,1099.269,NaN,NaN,NaN,NaN,NaN,NaN,916.810759,209.59,250.45,117.14,213.61,237.17,243.81,258.26,202.96,227.47,257.89,NaN,NaN,NaN,NaN,NaN,NaN,NaN,NaN,NaN,NaN,NaN,NaN,NaN,NaN,NaN,NaN,NaN,NaN,221.84,1.305,1.536,1.37,NaN,NaN,NaN,NaN,1.40366666666667,,,,,
B183,Ghana,0,0,0,1,0,Bergman,F,1,1121.52999,1283.918,1009.532,1130.331,1313.255,1225.244,1182.102,1226.97,1035.418,876.6538,NaN,NaN,NaN,NaN,NaN,NaN,1140.495379,250.97,237.79,255.77,237.79,180.39,170.02,191.42,223.93,166.91,211.54,NaN,NaN,NaN,NaN,NaN,NaN,NaN,NaN,NaN,NaN,NaN,NaN,NaN,NaN,NaN,NaN,NaN,NaN,212.65,1.943,1.802,1.84,NaN,NaN,NaN,NaN,1.86166666666667,,,,,
B184,Georgia,0,0,0,0,1,Bergman,F,1,489.7143,371.0247,400.3616,426.247,431.4241,483.195,476.2922,550.4972,522.886,745.5009,NaN,NaN,NaN,NaN,NaN,NaN,489.7143,170.90,184.03,164.69,153.04,170.77,159.87,153.18,153.17,160.33,156.63,NaN,NaN,NaN,NaN,NaN,NaN,NaN,NaN,NaN,NaN,NaN,NaN,NaN,NaN,NaN,NaN,NaN,NaN,162.66,1.445255,1.414618,1.494754,1.285327,1.191936,1.227186,1.343179,1.343179,,,,,
B185,Georgia,0,0,0,0,1,Bergman,F,1,825.40064,1218.342,871.4767,719.6154,1040.595,657.4903,786.9176,545.3201,868.0253,740.3238,NaN,NaN,NaN,NaN,NaN,NaN,827.350684,208.33,198.27,172.17,218.20,158.23,261.34,139.17,162.97,196.32,157.52,NaN,NaN,NaN,NaN,NaN,NaN,NaN,NaN,NaN,NaN,NaN,NaN,NaN,NaN,NaN,NaN,NaN,NaN,187.25,1.747374,1.847649,1.519229,1.466179,1.675368,1.609032,1.644139,1.644139,,,,,
B186,Georgia,0,0,0,0,1,Bergman,F,1,1145.17215,1132.057,1316.706,1189.005,1151.04,1361.574,1133.783,1358.123,643.6848,928.4247,NaN,NaN,NaN,NaN,NaN,NaN,1135.956965,232.67,258.86,254.41,NaN,238.00,268.72,236.18,226.45,NaN,232.24,NaN,NaN,NaN,NaN,NaN,NaN,NaN,NaN,NaN,NaN,NaN,NaN,NaN,NaN,NaN,NaN,NaN,NaN,243.44125,1.744233,1.502225,1.206473,1.303048,1.24248,1.399691,NaN,1.39969166666667,,,,,
B187,Georgia,0,0,0,0,1,Bergman,F,1,1340.8662,1014.71,1440.957,1434.054,1339.14,1465.116,1340.866,1028.515,1325.335,1570.384,NaN,NaN,NaN,NaN,NaN,NaN,1329.99432,158.58,157.62,236.28,177.17,163.72,179.30,143.23,163.12,161.54,179.04,NaN,NaN,NaN,NaN,NaN,NaN,NaN,NaN,NaN,NaN,NaN,NaN,NaN,NaN,NaN,NaN,NaN,NaN,171.96,1.451,1.085,1.2,NaN,NaN,NaN,NaN,1.24533333333333,,,,,
B188,Georgia,0,0,0,0,1,Bergman,F,1,803.65684,842.1399,852.494,892.1851,598.8167,824.8829,819.7058,812.803,621.2507,926.699,NaN,NaN,NaN,NaN,NaN,NaN,799.463394,224.37,158.99,364.61,140.50,201.06,286.08,153.96,162.80,345.69,238.64,NaN,NaN,NaN,NaN,NaN,NaN,NaN,NaN,NaN,NaN,NaN,NaN,NaN,NaN,NaN,NaN,NaN,NaN,227.67,1.139,1.112,NaN,NaN,NaN,NaN,NaN,1.1255,,,,,
B189,Georgia,0,0,0,0,1,Bergman,F,1,713.791175,717.8897,NaN,728.2439,754.1293,729.9696,761.0321,NaN,704.0841,572.9312,NaN,NaN,NaN,NaN,NaN,NaN,710.258884375,155.86,175.84,161.46,145.36,106.94,137.97,169.72,182.27,173.79,177.35,NaN,NaN,NaN,NaN,NaN,NaN,NaN,NaN,NaN,NaN,NaN,NaN,NaN,NaN,NaN,NaN,NaN,NaN,158.66,1.322,1.415,1.267,NaN,NaN,NaN,NaN,1.33466666666667,,,,,
B190,Georgia,0,0,0,0,1,Bergman,F,1,854.73751,792.0947,830.06,757.5807,1018.161,723.0668,880.1052,836.9628,914.6191,740.3238,NaN,NaN,NaN,NaN,NaN,NaN,834.771161,260.52,229.00,150.14,257.95,205.64,190.13,186.53,264.44,190.86,280.94,NaN,NaN,NaN,NaN,NaN,NaN,NaN,NaN,NaN,NaN,NaN,NaN,NaN,NaN,NaN,NaN,NaN,NaN,221.62,1.808588,1.964513,1.682023,1.437425,1.836754,1.517631,1.707822,1.707822,,,,,
B191,Georgia,0,0,0,0,1,Bergman,F,1,1390.0483,1492.727,1739.502,1163.119,1106.171,1249.404,1434.054,1494.453,1313.255,1442.682,NaN,NaN,NaN,NaN,NaN,NaN,1382.54153,220.93,228.33,225.62,200.03,211.16,187.72,249.96,201.93,219.46,187.06,NaN,NaN,NaN,NaN,NaN,NaN,NaN,NaN,NaN,NaN,NaN,NaN,NaN,NaN,NaN,NaN,NaN,NaN,213.22,1.321,1.231,1.529,NaN,NaN,NaN,NaN,1.36033333333333,,,,,
B192,Georgia,0,0,0,0,1,Bergman,F,1,1186.41615,1453.036,1266.661,1007.807,1197.633,999.1782,947.4073,1299.449,1228.696,1045.772,NaN,NaN,NaN,NaN,NaN,NaN,1163.205565,172.13,197.74,192.11,183.57,222.06,161.20,192.02,206.14,138.12,164.66,NaN,NaN,NaN,NaN,NaN,NaN,NaN,NaN,NaN,NaN,NaN,NaN,NaN,NaN,NaN,NaN,NaN,NaN,182.98,1.252,1.014,1.021,NaN,NaN,NaN,NaN,1.09566666666667,,,,,
B193,Georgia,0,0,0,0,1,Bergman,F,1,755.85504,591.9139,585.0111,830.06,738.5981,904.2649,817.9801,923.2476,736.8724,662.6674,NaN,NaN,NaN,NaN,NaN,NaN,754.647054,189.99,257.91,305.89,241.93,182.94,165.20,170.16,177.21,184.14,317.45,NaN,NaN,NaN,NaN,NaN,NaN,NaN,NaN,NaN,NaN,NaN,NaN,NaN,NaN,NaN,NaN,NaN,NaN,219.28,1.16,1.389,1.301,NaN,NaN,NaN,NaN,1.28333333333333,,,,,
B194,Georgia,0,0,0,0,1,Bergman,F,1,1357.04445,1489.276,1522.064,1216.616,1704.988,883.5566,1225.244,1827.513,1128.605,1347.769,NaN,NaN,NaN,NaN,NaN,NaN,1370.267605,164.84,156.54,132.46,146.29,120.66,152.55,148.16,160.89,153.71,NaN,NaN,NaN,NaN,NaN,NaN,NaN,NaN,NaN,NaN,NaN,NaN,NaN,NaN,NaN,NaN,NaN,NaN,NaN,148.46,1.327,1.219,1.238,NaN,NaN,NaN,NaN,1.26133333333333,,,,,
B195,Georgia,0,0,0,0,1,Bergman,F,1,732.04044,885.2823,555.6743,800.7231,802.4488,745.5009,597.091,716.164,685.1015,847.317,NaN,NaN,NaN,NaN,NaN,NaN,736.734334,197.44,193.70,201.99,201.62,222.95,157.59,172.97,185.16,204.27,173.94,NaN,NaN,NaN,NaN,NaN,NaN,NaN,NaN,NaN,NaN,NaN,NaN,NaN,NaN,NaN,NaN,NaN,NaN,191.16,1.742,1.536,1.82,NaN,NaN,NaN,NaN,1.69933333333333,,,,,
B196,Georgia,0,0,0,0,1,Bergman,F,1,1167.2611,1021.612,1159.668,1095.817,1054.401,847.317,1233.873,1440.957,852.494,1568.658,NaN,NaN,NaN,NaN,NaN,NaN,1144.20581,187.16,180.64,238.50,189.13,211.98,195.90,207.41,178.80,247.27,181.70,NaN,NaN,NaN,NaN,NaN,NaN,NaN,NaN,NaN,NaN,NaN,NaN,NaN,NaN,NaN,NaN,NaN,NaN,201.85,1.095,1.158,1.016,NaN,NaN,NaN,NaN,1.08966666666667,,,,,
B197,Georgia,0,0,0,0,1,Bergman,F,1,1901.1998,1863.752,2371.107,1480.648,1711.891,1047.498,2183.006,2008.711,2359.027,2038.047,NaN,NaN,NaN,NaN,NaN,NaN,1896.48868,208.92,196.72,189.44,163.37,185.95,240.43,194.40,172.27,200.58,184.85,NaN,NaN,NaN,NaN,NaN,NaN,NaN,NaN,NaN,NaN,NaN,NaN,NaN,NaN,NaN,NaN,NaN,NaN,193.69,1.261,1.273,1.246,NaN,NaN,NaN,NaN,1.26,,,,,
CS,Ohio,0,0,0,0,0,Canton-S,M,1,1611.80048,1270.11258,971.567097,1673.92555,2310.70754,1170.02219,2279.645,1513.43578,1166.57079,1254.58131,1278.74106,1076.83458,1642.86301,2148.49207,2250.30816,2308.98184,1620.5368148125,22.1184751,31.915494,38.3498793,35.4155386,32.1216448,36.5599896,52.9831803,29.1267118,34.9605215,35.0209375,49.3266037,48.0479715,51.2552593,45.1643942,19.605344,24.7501975,23.016,24.500556,22.5158452,28.0217996,36.1811961,24.0712863,35.5737878,33.8993452,35.3379125,39.2608487,35.5728001,35.9256161,34.3071120107143,NaN,NaN,NaN,NaN,NaN,NaN,NaN,NaN,,,,,
CS,Ohio,0,0,0,0,0,Canton-S,F,1,1511.71008,1668.74846,1763.66176,1294.27233,1891.3633,1171.74788,1843.0438,1411.61969,1561.75528,1561.75528,2390.08957,1653.21719,2324.51311,2557.48213,4264.19591,1760.21037,1914.33663375,34.1418569,45.4512628,40.3639447,21.9610457,22.5820813,29.1188234,51.4248198,27.9593653,23.0736358,18.7048917,35.7751239,72.1590807,81.8119916,42.1746998,13.7594648,37.3207159,31.9852628,20.1008623,62.0965787,17.8266287,38.8462422,24.9850626,36.3852484,25.1332528,44.1595915,60.2424393,26.9705149,64.7385828,37.5447525,NaN,NaN,NaN,NaN,NaN,NaN,NaN,NaN,,,,,
OR,Oregon,0,0,0,0,0,Oregon-R,M,1,2227.874106,2069.110034,2196.812,1991.454,1332.237653,2013.887748,1568.658,692.0043,2129.509,1061.303,2067.384,1075.109,1592.818,1261.484,2331.416,2326.239,1746.0812400625,170.517,163.902361,182.277916,172.330331,192.271023,154.208583,165.156794,168.994524,198.129788,179.310273,191.111837,191.148477,197.55174,168.140087,211.199,164.987539,163.357521,193.430961,199.558424,186.007063,182.899134,140.984364,208.702156,145.547653,238.30856,225.284708,256.359421,170.487615,185.077316178571,NaN,NaN,NaN,NaN,NaN,NaN,NaN,NaN,,,,,
OR,Oregon,0,0,0,0,0,Oregon-R,F,1,845.5912565,1175.199277,712.7126,850.7683,1125.15408,1214.890295,857.6711,957.7615,1416.797,1042.321,1437.505,1554.852,1028.515,971.5671,585.0111,1434.054,1075.64816303125,322.777535,348.181338,190.764042,193.502524,176.37864,254.49697,285.762408,226.842061,174.968637,200.593677,311.170374,229.398021,524.493982,308.320633,386.720675,251.480,177.023587,206.677352,221.897972,228.314841,231.47116,234.388025,360.865512,173.313087,232.382754,494.396929,318.814225,NaN,269.088776333333,NaN,NaN,NaN,NaN,NaN,NaN,NaN,NaN,,,,,
YW,Indiana,0,0,0,0,0,YW,M,1,1601.446298,1893.088997,2005.259,1986.277,1660.119977,1965.568247,2381.461,2818.062,2315.885,2238.228,1639.412,1245.953,1760.21,1627.332,1484.099,1487.55,1881.8719699375,125.0707326,112.9466806,142.4215969,164.437,139.6519945,135.8063621,135.755,145.769,127.144,106.206,136.139,131.585,147.374,131.627,101.913,95.6116,123.278,106.392,NaN,NaN,NaN,NaN,NaN,NaN,NaN,NaN,NaN,NaN,128.284887038889,NaN,NaN,NaN,NaN,NaN,NaN,NaN,NaN,,,,,
YW,Indiana,0,0,0,0,0,YW,F,1,1135.508259,1097.542937,1494.453,1209.713,1370.202975,1325.334867,1242.501,1114.8,1485.825,1099.269,909.442,559.1256,1157.942,1237.324,1321.883,1337.415,1193.642602375,NaN,NaN,NaN,NaN,NaN,NaN,NaN,NaN,NaN,NaN,NaN,NaN,NaN,NaN,NaN,NaN,NaN,NaN,NaN,NaN,NaN,NaN,NaN,NaN,NaN,NaN,NaN,NaN,NaN,NaN,NaN,NaN,NaN,NaN,NaN,NaN,NaN,,,,,
CS,Texas,0,0,0,0,0,Canton-S,M,1,1342.591832,1608.349084,1206.262,1201.085,1542.772619,1532.41844,961.2129,1649.766,1413.345,1665.297,407.2644,1653.217,1520.339,2234.777,1485.825,1862.026,1455.4092671875,NaN,NaN,NaN,NaN,NaN,NaN,NaN,NaN,NaN,NaN,NaN,NaN,NaN,NaN,NaN,NaN,NaN,NaN,NaN,NaN,NaN,NaN,NaN,NaN,NaN,NaN,NaN,NaN,NaN,NaN,NaN,NaN,NaN,NaN,NaN,NaN,NaN,,,,,
CS,Texas,0,0,0,0,0,Canton-S,F,1,1411.619689,1573.835155,1406.443,2067.384,2284.822089,1346.043225,2279.645,2060.482,2126.058,1841.318,1508.259,1069.932,2246.857,NaN,NaN,NaN,1786.36139676923,NaN,NaN,NaN,NaN,NaN,NaN,NaN,NaN,NaN,NaN,NaN,NaN,NaN,NaN,NaN,NaN,NaN,NaN,NaN,NaN,NaN,NaN,NaN,NaN,NaN,NaN,NaN,NaN,NaN,NaN,NaN,NaN,NaN,NaN,NaN,NaN,NaN,,,,,