ID,CS_mean,CN_mean,R_mean,I-A_indel,IR1_indel,I-B1_indel,IR2_indel,I-C_A_indel,I-B2_indel,I-C_indel,IR3_indel,II-A_indel,II-B_indel,II-C_indel,I-A_SNP,I-B1_SNP,I-C_A_SNP,I-B2_SNP,I-C_SNP,II-A_SNP,II-B_SNP,IR1_SNP,IR2_SNP,IR3_SNP,II-C_SNP,12S_rRNA_sSNP,12S_rRNA_mSNP,16S_rRNA_sSNP,16S_rRNA_mSNP,ATP8_6_sSNP,ATP8_6_mSNP,COI_sSNP,COI_mSNP,COII_sSNP,COII_mSNP,COIII_sSNP,COIII_mSNP,cytb_sSNP,cytb_mSNP,ND1_sSNP,ND1_mSNP,ND2_sSNP,ND2_mSNP,ND3_sSNP,ND3_mSNP,ND4_sSNP,ND4_mSNP,ND5_sSNP,ND5_mSNP,ND6_sSNP,ND6_mSNP
B139,450.553675,153.38,1.026,0,0,0,0,0,0,0,0,0,0,0,1,0,0,0,0,0,0,0,0,0,0,0,0,0,0,0,0,0,0,0,0,0,0,0,0,0,0,0,0,0,0,0,0,0,0,0,0
B140,429.318745,172.95,1.539005167,0,0,0,0,0,0,0,0,0,0,0,1,61,23,21,20,9,8,7,16,13,22,0,0,3,0,3,1,3,1,1,0,6,0,5,0,2,2,5,1,0,0,4,3,5,0,2,1
B141,1003.872171,161.94,1.812333333,0,0,0,0,0,0,0,0,0,0,0,3,7,3,6,5,0,2,2,2,4,4,2,0,1,0,1,0,1,0,0,0,0,0,1,0,0,1,0,0,0,0,0,2,0,0,0,0
B142,807.349824,145.86,1.748666667,0,0,0,0,0,0,0,0,0,0,0,1,67,19,23,17,10,8,6,18,9,20,0,0,5,0,3,1,3,1,1,0,6,0,5,0,2,2,5,1,0,0,4,3,5,0,2,1
B143,939.037644,140.76,1.68,0,0,0,0,0,0,0,0,0,0,0,1,6,2,6,1,1,0,2,1,4,4,0,0,0,0,0,1,0,0,0,0,0,0,0,0,0,1,0,0,0,0,0,1,0,0,1,0
B145,667.999844,153.43,1.874251333,0,0,0,0,0,0,0,0,0,0,0,2,54,21,21,18,5,9,6,17,9,19,1,0,3,0,2,1,3,3,1,0,5,0,6,0,2,2,3,0,0,0,5,2,4,0,1,1
B146,799.308071,253.27,1.640676857,0,0,0,0,0,0,0,0,0,0,0,3,9,3,4,5,0,2,2,2,4,5,2,0,1,0,1,0,1,0,0,0,0,0,1,1,0,1,0,0,0,0,0,2,0,0,0,0
B147,1227.91935,165.8,1.461333333,0,0,-317,-226,-127,0,0,0,0,0,0,3,6,2,4,5,0,2,2,0,5,4,2,0,1,0,1,0,1,0,0,0,0,0,1,0,0,1,0,0,0,0,0,2,0,0,0,0
B148,889.389432,144.36,1.372666667,0,0,0,0,0,-89,0,0,0,0,0,3,8,4,6,5,0,2,2,1,4,6,2,0,1,0,1,0,1,0,0,0,0,0,1,0,0,1,0,0,0,0,0,2,0,0,0,0
B149,1251.043549,147.88,1.577666667,0,0,0,0,0,0,0,0,0,0,0,2,50,22,22,16,6,9,6,17,9,19,1,0,3,0,2,1,3,3,1,0,5,0,6,0,2,2,3,0,0,0,5,2,4,0,1,1
B151,414.788399,182.24,1.150333333,0,0,0,0,0,0,0,0,0,0,0,2,63,22,21,19,6,10,6,18,9,20,1,0,3,0,2,1,3,3,1,0,5,0,6,0,2,2,3,0,0,0,5,2,4,0,1,1
B152,816.634077,127.4,1.717589857,0,0,0,0,0,0,0,0,0,0,0,3,5,3,5,5,0,2,2,3,5,4,2,0,1,0,1,0,1,0,0,0,0,0,1,0,0,1,0,0,0,0,0,2,0,0,0,0
B153,409.335186,137.35,1.623333333,0,0,0,0,0,0,0,0,0,0,0,1,67,8,6,7,4,3,5,26,5,8,0,0,1,0,2,0,2,0,1,0,1,0,0,0,1,2,1,0,1,0,2,2,2,0,1,1
B154,991.757762,129.94,1.562666667,0,0,0,0,0,0,0,0,0,0,0,1,44,24,54,52,11,9,7,20,10,22,0,0,1,0,1,0,1,0,0,0,0,0,0,0,1,2,1,0,0,0,1,2,0,0,0,1
B155,1174.388102,162.49,2.098,0,0,0,0,0,0,0,0,0,0,0,1,35,27,19,15,10,8,7,15,10,23,0,0,3,0,3,1,3,1,1,0,6,0,5,0,2,2,5,1,0,0,4,3,5,0,2,1
B156,1096.076073,232.35,1.821355286,0,0,0,0,0,0,0,0,0,0,0,1,46,23,49,48,9,9,7,21,10,22,0,0,3,0,3,1,3,1,1,0,6,0,5,0,2,2,5,1,0,0,4,3,5,0,2,1
B157,961.540855,188.07,1.708,0,0,0,0,0,0,0,0,0,0,0,1,16,17,22,6,4,1,4,6,5,8,0,0,1,0,2,0,2,0,1,0,1,0,0,0,1,2,1,0,1,0,2,2,2,0,1,1
B158,966.57984,159.58,2.020746,0,0,0,0,0,0,0,0,0,0,0,3,4,2,5,5,0,2,2,1,4,4,2,0,1,0,1,0,1,0,0,0,0,0,1,0,0,1,0,0,0,0,0,2,0,0,0,0
B159,508.907864,144.06,1.764,0,0,0,0,0,0,0,0,0,0,0,2,50,24,21,17,4,9,6,18,9,19,1,0,3,0,2,1,3,3,1,0,5,0,6,0,2,2,3,0,0,0,5,2,4,0,1,1
B160,1001.2835,172.45,1.215333333,0,0,0,0,0,0,0,0,0,0,0,3,10,2,2,5,0,3,2,3,4,3,2,0,0,0,0,0,0,0,0,0,0,0,0,0,0,1,0,0,0,0,0,2,0,0,0,0
B161,376.184555,207.31,1.974666667,0,0,0,0,0,0,0,0,0,0,0,1,5,1,6,1,2,0,1,1,2,2,0,0,0,0,0,0,0,0,0,0,0,0,0,0,0,1,0,0,0,0,0,2,0,0,0,0
B162,834.063583,180.16,1.209666667,0,0,0,0,0,0,0,0,0,0,0,1,5,1,4,1,3,0,0,1,1,1,0,0,1,0,1,0,1,1,0,0,0,0,1,1,0,1,0,0,0,0,0,2,0,0,0,1
B163,563.043,169.42,1.244,0,0,-16,-325,0,-60,0,0,0,0,0,1,17,3,5,4,4,6,3,0,5,10,0,0,2,0,1,0,2,0,1,0,0,0,1,0,1,2,2,0,0,0,2,2,1,1,1,0
B164,731.850593,183.81,1.239666667,0,0,69,0,-82,-62,0,0,0,0,0,1,14,14,68,37,1,2,4,17,7,10,0,0,1,0,1,0,2,0,1,0,0,0,0,0,1,2,1,0,0,0,2,2,2,0,1,0
B165,280.028771,149.26,1.161333333,0,0,-15,-325,0,0,0,0,0,0,0,1,20,4,5,5,4,4,5,0,6,6,0,0,1,0,1,0,2,0,0,0,0,0,0,2,1,2,1,0,0,0,1,2,1,0,1,0
B166,885.092489,167.18,0.828955,0,0,0,0,0,0,0,0,0,0,0,1,21,12,6,4,4,3,3,19,5,20,0,0,1,0,1,0,1,1,1,0,0,0,1,0,1,2,1,0,0,0,1,2,2,1,2,0
B167,442.917247,126.35,1.341333333,0,0,-60,0,0,0,0,0,0,0,0,1,18,7,12,8,3,3,3,16,3,13,0,0,1,0,1,0,3,0,0,0,0,0,0,2,1,2,1,0,0,0,3,2,2,0,1,0
B168,966.010353,166.97,1.355762,0,0,0,0,0,0,0,0,0,-150,0,1,18,6,7,2,6,2,0,7,8,16,0,0,1,0,2,0,3,0,2,1,0,0,1,0,1,1,1,0,0,0,3,2,1,0,0,0
B169,1419.661483,108.57,1.31,0,0,0,0,0,0,0,0,0,0,0,1,40,26,21,2,4,4,3,21,2,7,0,0,1,0,1,0,1,0,0,1,0,0,0,0,1,2,1,0,0,0,2,2,2,0,2,0
B170,618.403317,202.51,1.528624,0,0,-15,-152,0,-41,0,0,0,0,0,1,23,14,2,2,4,3,3,14,4,1,0,0,2,0,2,1,4,0,1,0,1,0,0,0,1,2,1,0,1,0,1,2,2,0,1,0
B171,380.9820035,138.25,1.339124,0,0,-15,-152,0,0,0,0,0,0,0,1,23,14,2,2,4,3,3,14,4,1,0,0,1,0,1,0,3,0,1,0,1,0,0,0,1,2,1,0,1,0,1,2,2,0,1,0
B172,466.697341,134.68,1.166333333,0,0,0,0,0,0,0,0,0,0,0,1,16,8,9,4,3,2,1,4,8,6,0,0,1,0,2,0,3,0,2,1,0,0,1,0,1,1,1,0,0,0,3,2,1,0,0,0
B174,1837.95307,80.39,1.233,0,0,0,0,0,-61,0,0,0,0,0,1,14,3,13,6,3,4,3,26,1,7,0,0,2,0,1,1,3,0,0,0,0,0,1,0,1,2,2,0,1,0,1,2,3,0,1,0
B176,387.729472,154.95,1.318,0,0,0,0,0,0,0,0,0,0,0,1,41,23,6,9,3,2,5,21,3,5,0,0,2,0,1,0,2,0,0,0,0,0,0,0,2,2,2,0,0,0,2,2,2,1,1,0
B177,823.640387,176.29,0.9245,0,0,0,0,0,-60,0,0,0,0,0,1,14,4,12,11,3,3,4,16,5,5,0,0,1,0,1,0,3,0,1,0,1,0,0,0,1,2,1,0,1,0,1,2,2,0,1,0
B178,427.437745,128.83,0.944,0,0,88,0,0,-91,-87,0,0,0,0,1,15,6,2,1,2,4,3,17,6,7,0,0,1,0,2,0,4,0,2,0,1,0,0,0,1,2,2,0,1,0,2,2,2,0,1,0
B180,1033.036523,198.43,1.460333333,0,0,-16,-324,0,-169,-74,0,0,0,0,1,20,10,2,1,2,5,3,0,5,5,0,0,1,0,1,0,2,0,1,0,1,0,2,0,1,2,1,0,1,0,1,2,2,0,1,0
B181,717.078668,150.77,1.41456,0,0,0,0,0,0,0,0,0,0,0,3,31,21,5,2,3,4,4,21,3,7,2,0,1,0,1,0,2,0,0,0,0,0,0,1,1,2,1,0,0,0,1,2,1,0,1,0
B182,793.061047,222.24,1.403666667,0,0,0,0,0,-160,-87,0,0,0,0,1,20,12,2,3,3,2,5,18,4,21,0,0,1,0,1,0,2,0,0,0,0,0,0,1,1,2,1,0,0,0,1,2,1,0,1,0
B183,753.646115,176.66,1.861666667,0,0,0,0,0,0,0,0,0,0,0,1,62,27,7,3,2,2,3,29,4,8,0,0,1,0,2,0,1,0,1,0,1,0,0,0,1,2,1,0,0,0,2,2,3,1,1,0
B184,392.854771,174.65,1.343179,0,0,0,0,0,0,0,0,0,0,0,1,21,8,56,40,4,2,4,17,5,11,0,0,1,0,2,0,2,0,1,0,2,0,0,0,1,2,1,0,0,0,2,2,2,0,1,0
B185,740.254786,169.22,1.644139,0,0,46,-60,-94,-77,0,0,0,0,0,1,19,3,3,3,3,3,3,30,3,7,0,0,1,0,2,0,1,0,1,0,1,0,0,0,1,2,1,0,0,0,2,2,3,0,1,0
B186,939.382909,240.3,1.399691667,0,0,46,0,0,-154,-77,0,0,0,0,1,19,3,3,3,3,3,3,30,3,7,0,0,2,0,2,0,3,0,1,0,1,0,0,0,1,2,1,0,0,0,2,2,2,0,1,0
B187,939.210183,151.44,1.245333333,0,0,0,0,0,0,0,0,0,0,0,1,19,29,72,33,1,3,4,18,4,18,0,0,1,0,2,0,3,0,1,0,1,0,0,0,1,2,1,1,0,0,2,2,2,0,1,0
B188,703.773529,179.75,1.1255,0,0,0,0,0,0,0,0,0,0,0,1,6,1,30,1,1,3,1,2,5,6,0,0,0,0,0,0,0,0,0,0,0,0,0,0,0,0,0,1,0,0,0,1,0,0,0,0
B189,1470.724861,157.79,1.334666667,0,0,0,0,0,0,0,0,0,0,0,1,24,14,38,13,5,3,4,23,5,8,0,0,1,0,2,0,2,0,1,0,2,0,0,0,1,2,1,1,0,0,2,2,2,0,1,0
B190,627.566782,217.44,1.707822,0,0,0,0,0,-248,-92,0,0,0,0,1,25,4,0,4,4,3,3,28,9,4,0,0,1,0,2,0,2,0,1,0,1,0,0,0,1,2,1,0,0,0,2,2,3,1,1,0
B191,1429.791162,183.07,1.360333333,0,0,0,0,0,0,0,0,0,0,0,1,25,32,5,7,5,6,4,13,4,12,0,0,1,0,2,0,2,0,1,0,1,0,0,0,2,2,1,1,0,0,4,2,2,0,1,0
B192,696.7979,178.68,1.095666667,0,0,0,0,0,0,0,0,0,0,0,1,6,0,3,1,0,0,1,1,3,5,0,0,0,0,0,0,0,0,0,0,0,0,0,0,0,0,0,0,0,0,1,1,0,0,0,0
B193,429.663897,192.37,1.283333333,0,0,0,0,0,0,0,0,0,0,0,1,34,22,8,3,3,2,4,23,5,9,0,0,1,0,2,0,2,0,1,0,1,0,0,0,1,2,1,1,0,0,2,2,2,0,1,0
B194,1232.722533,133.44,1.261333333,0,0,0,0,0,0,0,0,0,0,0,2,25,7,4,7,6,2,4,22,6,10,1,0,1,0,2,0,2,0,1,0,1,0,0,0,1,2,1,0,0,0,2,2,2,0,1,0
B195,468.129673,197.79,1.699333333,0,0,0,0,0,-170,-75,0,0,0,0,1,22,3,2,2,5,3,4,16,1,8,0,0,1,0,2,0,1,0,1,0,1,0,0,0,1,2,1,0,0,0,2,3,3,0,1,0
B196,477.2509444,173.29,1.089666667,0,0,0,0,0,-170,-75,0,0,0,0,1,22,3,2,2,5,3,4,16,1,8,0,0,1,0,2,0,2,0,1,0,1,0,0,0,1,2,1,0,0,0,2,2,2,0,1,0
B197,1873.05357,171,1.26,0,0,-149,0,0,0,0,0,0,0,0,1,54,32,6,6,4,5,3,35,5,13,0,0,1,0,2,0,2,0,1,0,1,0,0,0,2,2,1,0,0,0,2,2,2,0,1,0
B139f,619.1202469,168.32,1.026,0,0,0,0,0,0,0,0,0,0,0,1,0,0,0,0,0,0,0,0,0,0,0,0,0,0,0,0,0,0,0,0,0,0,0,0,0,0,0,0,0,0,0,0,0,0,0,0
B140f,893.220566,174.99,1.539005167,0,0,0,0,0,0,0,0,0,0,0,1,61,23,21,20,9,8,7,16,13,22,0,0,3,0,3,1,3,1,1,0,6,0,5,0,2,2,5,1,0,0,4,3,5,0,2,1
B141f,955.293706,162.11,1.812333333,0,0,0,0,0,0,0,0,0,0,0,3,7,3,6,5,0,2,2,2,4,4,2,0,1,0,1,0,1,0,0,0,0,0,1,0,0,1,0,0,0,0,0,2,0,0,0,0
B142f,955.32838,149.51,1.748666667,0,0,0,0,0,0,0,0,0,0,0,1,67,19,23,17,10,8,6,18,9,20,0,0,5,0,3,1,3,1,1,0,6,0,5,0,2,2,5,1,0,0,4,3,5,0,2,1
B143f,955.380014,148.38,1.68,0,0,0,0,0,0,0,0,0,0,0,1,6,2,6,1,1,0,2,1,4,4,0,0,0,0,0,1,0,0,0,0,0,0,0,0,0,1,0,0,0,0,0,1,0,0,1,0
B145f,806.0556,182.87,1.874251333,0,0,0,0,0,0,0,0,0,0,0,2,54,21,21,18,5,9,6,17,9,19,1,0,3,0,2,1,3,3,1,0,5,0,6,0,2,2,3,0,0,0,5,2,4,0,1,1
B146f,875.894469,246.8,1.640676857,0,0,0,0,0,0,0,0,0,0,0,3,9,3,4,5,0,2,2,2,4,5,2,0,1,0,1,0,1,0,0,0,0,0,1,1,0,1,0,0,0,0,0,2,0,0,0,0
B147f,1330.58096,164.63,1.461333333,0,0,-317,-226,-127,0,0,0,0,0,0,3,6,2,4,5,0,2,2,0,5,4,2,0,1,0,1,0,1,0,0,0,0,0,1,0,0,1,0,0,0,0,0,2,0,0,0,0
B148f,927.389278,158.1,1.372666667,0,0,0,0,0,-89,0,0,0,0,0,3,8,4,6,5,0,2,2,1,4,6,2,0,1,0,1,0,1,0,0,0,0,0,1,0,0,1,0,0,0,0,0,2,0,0,0,0
B149f,1115.19692,144.61,1.577666667,0,0,0,0,0,0,0,0,0,0,0,2,50,22,22,16,6,9,6,17,9,19,1,0,3,0,2,1,3,3,1,0,5,0,6,0,2,2,3,0,0,0,5,2,4,0,1,1
B151f,667.930815,192.51,1.150333333,0,0,0,0,0,0,0,0,0,0,0,2,63,22,21,19,6,10,6,18,9,20,1,0,3,0,2,1,3,3,1,0,5,0,6,0,2,2,3,0,0,0,5,2,4,0,1,1
B152f,810.7495,131.12,1.717589857,0,0,0,0,0,0,0,0,0,0,0,3,5,3,5,5,0,2,2,3,5,4,2,0,1,0,1,0,1,0,0,0,0,0,1,0,0,1,0,0,0,0,0,2,0,0,0,0
B153f,440.0525857,148.33,1.623333333,0,0,0,0,0,0,0,0,0,0,0,1,67,8,6,7,4,3,5,26,5,8,0,0,1,0,2,0,2,0,1,0,1,0,0,0,1,2,1,0,1,0,2,2,2,0,1,1
B154f,1031.017327,152.23,1.562666667,0,0,0,0,0,0,0,0,0,0,0,1,44,24,54,52,11,9,7,20,10,22,0,0,1,0,1,0,1,0,0,0,0,0,0,0,1,2,1,0,0,0,1,2,0,0,0,1
B155f,1242.363323,158,2.098,0,0,0,0,0,0,0,0,0,0,0,1,35,27,19,15,10,8,7,15,10,23,0,0,3,0,3,1,3,1,1,0,6,0,5,0,2,2,5,1,0,0,4,3,5,0,2,1
B156f,1177.149318,203.64,1.821355286,0,0,0,0,0,0,0,0,0,0,0,1,46,23,49,48,9,9,7,21,10,22,0,0,3,0,3,1,3,1,1,0,6,0,5,0,2,2,5,1,0,0,4,3,5,0,2,1
B157f,859.155207,182.34,1.708,0,0,0,0,0,0,0,0,0,0,0,1,16,17,22,6,4,1,4,6,5,8,0,0,1,0,2,0,2,0,1,0,1,0,0,0,1,2,1,0,1,0,2,2,2,0,1,1
B158f,1214.372562,178.3,2.020746,0,0,0,0,0,0,0,0,0,0,0,3,4,2,5,5,0,2,2,1,4,4,2,0,1,0,1,0,1,0,0,0,0,0,1,0,0,1,0,0,0,0,0,2,0,0,0,0
B159f,883.763605,161.03,1.764,0,0,0,0,0,0,0,0,0,0,0,2,50,24,21,17,4,9,6,18,9,19,1,0,3,0,2,1,3,3,1,0,5,0,6,0,2,2,3,0,0,0,5,2,4,0,1,1
B160f,1020.904841,153.9,1.215333333,0,0,0,0,0,0,0,0,0,0,0,3,10,2,2,5,0,3,2,3,4,3,2,0,0,0,0,0,0,0,0,0,0,0,0,0,0,1,0,0,0,0,0,2,0,0,0,0
B161f,433.270606,238.89,1.974666667,0,0,0,0,0,0,0,0,0,0,0,1,5,1,6,1,2,0,1,1,2,2,0,0,0,0,0,0,0,0,0,0,0,0,0,0,0,1,0,0,0,0,0,2,0,0,0,0
B162f,998.591462,180.97,1.209666667,0,0,0,0,0,0,0,0,0,0,0,1,5,1,4,1,3,0,0,1,1,1,0,0,1,0,1,0,1,1,0,0,0,0,1,1,0,1,0,0,0,0,0,2,0,0,0,1
B163f,784.329037,202.69,1.244,0,0,-16,-325,0,-60,0,0,0,0,0,1,17,3,5,4,4,6,3,0,5,10,0,0,2,0,1,0,2,0,1,0,0,0,1,0,1,2,2,0,0,0,2,2,1,1,1,0
B164f,705.9446641,205.36,1.239666667,0,0,69,,-82,-62,0,0,0,0,0,1,14,14,68,37,1,2,4,17,7,10,0,0,1,0,1,0,2,0,1,0,0,0,0,0,1,2,1,0,0,0,2,2,2,0,1,0
B165f,518.27842,169.29,1.161333333,0,0,-15,-325,0,0,0,0,0,0,0,1,20,4,5,5,4,4,5,0,6,6,0,0,1,0,1,0,2,0,0,0,0,0,0,2,1,2,1,0,0,0,1,2,1,0,1,0
B166f,622.337902,166.26,0.828955,0,0,0,0,0,0,0,0,0,0,0,1,21,12,6,4,4,3,3,19,5,20,0,0,1,0,1,0,1,1,1,0,0,0,1,0,1,2,1,0,0,0,1,2,2,1,2,0
B167,786.296369,127.13,1.341333333,0,0,-60,0,0,0,0,0,0,0,0,1,18,7,12,8,3,3,3,16,3,13,0,0,1,0,1,0,3,0,0,0,0,0,0,2,1,2,1,0,0,0,3,2,2,0,1,0
B168f,941.902417,198.7,1.355762,0,0,0,0,0,0,0,0,0,-150,0,1,18,6,7,2,6,2,0,7,8,16,0,0,1,0,2,0,3,0,2,1,0,0,1,0,1,1,1,0,0,0,3,2,1,0,0,0
B169f,1635.028,115.01,1.31,0,0,0,0,0,0,0,0,0,0,0,1,40,26,21,2,4,4,3,21,2,7,0,0,1,0,1,0,1,0,0,1,0,0,0,0,1,2,1,0,0,0,2,2,2,0,2,0
B170f,876.636486,186.4511111,1.528624,0,0,-15,-152,0,-41,0,0,0,0,0,1,23,14,2,2,4,3,3,14,4,1,0,0,2,0,2,1,4,0,1,0,1,0,0,0,1,2,1,0,1,0,1,2,2,0,1,0
B171f,713.7,140.64,1.339124,0,0,-15,-152,0,0,0,0,0,0,0,1,23,14,2,2,4,3,3,14,4,1,0,0,1,0,1,0,3,0,1,0,1,0,0,0,1,2,1,0,1,0,1,2,2,0,1,0
B172f,736.475459,137.14,1.166333333,0,0,0,0,0,0,0,0,0,0,0,1,16,8,9,4,3,2,1,4,8,6,0,0,1,0,2,0,3,0,2,1,0,0,1,0,1,1,1,0,0,0,3,2,1,0,0,0
B174f,991.964899,93.59,1.233,0,0,0,0,0,-61,0,0,0,0,0,1,14,3,13,6,3,4,3,26,1,7,0,0,2,0,1,1,3,0,0,0,0,0,1,0,1,2,2,0,1,0,1,2,3,0,1,0
B176f,837.532283,158.67,1.318,0,0,0,0,0,0,0,0,0,0,0,1,41,23,6,9,3,2,5,21,3,5,0,0,2,0,1,0,2,0,0,0,0,0,0,0,2,2,2,0,0,0,2,2,2,1,1,0
B177f,779.117427,210.07,0.9245,0,0,0,0,0,-60,0,0,0,0,0,1,14,4,12,11,3,3,4,16,5,5,0,0,1,0,1,0,3,0,1,0,1,0,0,0,1,2,1,0,1,0,1,2,2,0,1,0
B178f,669.225064,153.77,0.944,0,0,88,0,0,-91,-87,0,0,0,0,1,15,6,2,1,2,4,3,17,6,7,0,0,1,0,2,0,4,0,2,0,1,0,0,0,1,2,2,0,1,0,2,2,2,0,1,0
B180f,951.514537,192.59,1.460333333,0,0,-16,-324,0,-169,-74,0,0,0,0,1,20,10,2,1,2,5,3,0,5,5,0,0,1,0,1,0,2,0,1,0,1,0,2,0,1,2,1,0,1,0,1,2,2,0,1,0
B181f,1068.602974,159.48,1.41456,0,0,0,0,0,0,0,0,0,0,0,3,31,21,5,2,3,4,4,21,3,7,2,0,1,0,1,0,2,0,0,0,0,0,0,1,1,2,1,0,0,0,1,2,1,0,1,0
B182f,916.810759,221.84,1.403666667,0,0,0,0,0,-160,-87,0,0,0,0,1,20,12,2,3,3,2,5,18,4,21,0,0,1,0,1,0,2,0,0,0,0,0,0,1,1,2,1,0,0,0,1,2,1,0,1,0
B183f,1140.495379,212.65,1.861666667,0,0,0,0,0,0,0,0,0,0,0,1,62,27,7,3,2,2,3,29,4,8,0,0,1,0,2,0,1,0,1,0,1,0,0,0,1,2,1,0,0,0,2,2,3,1,1,0
B184f,489.7143,162.66,1.343179,0,0,0,0,0,0,0,0,0,0,0,1,21,8,56,40,4,2,4,17,5,11,0,0,1,0,2,0,2,0,1,0,2,0,0,0,1,2,1,0,0,0,2,2,2,0,1,0
B185f,827.350684,187.25,1.644139,0,0,46,-60,-94,-77,0,0,0,0,0,1,19,3,3,3,3,3,3,30,3,7,0,0,1,0,2,0,1,0,1,0,1,0,0,0,1,2,1,0,0,0,2,2,3,0,1,0
B186f,1135.956965,243.44125,1.399691667,0,0,46,0,0,-154,-77,0,0,0,0,1,19,3,3,3,3,3,3,30,3,7,0,0,2,0,2,0,3,0,1,0,1,0,0,0,1,2,1,0,0,0,2,2,2,0,1,0
B187f,1329.99432,171.96,1.245333333,0,0,0,0,0,0,0,0,0,0,0,1,19,29,72,33,1,3,4,18,4,18,0,0,1,0,2,0,3,0,1,0,1,0,0,0,1,2,1,1,0,0,2,2,2,0,1,0
B188f,799.463394,227.67,1.1255,0,0,0,0,0,0,0,0,0,0,0,1,6,1,30,1,1,3,1,2,5,6,0,0,0,0,0,0,0,0,0,0,0,0,0,0,0,0,0,1,0,0,0,1,0,0,0,0
B189f,710.2588844,158.66,1.334666667,0,0,0,0,0,0,0,0,0,0,0,1,24,14,38,13,5,3,4,23,5,8,0,0,1,0,2,0,2,0,1,0,2,0,0,0,1,2,1,1,0,0,2,2,2,0,1,0
B190f,834.771161,221.62,1.707822,0,0,0,0,0,-248,-92,0,0,0,0,1,25,4,0,4,4,3,3,28,9,4,0,0,1,0,2,0,2,0,1,0,1,0,0,0,1,2,1,0,0,0,2,2,3,1,1,0
B191f,1382.54153,213.22,1.360333333,0,0,0,0,0,0,0,0,0,0,0,1,25,32,5,7,5,6,4,13,4,12,0,0,1,0,2,0,2,0,1,0,1,0,0,0,2,2,1,1,0,0,4,2,2,0,1,0
B192f,1163.205565,182.98,1.095666667,0,0,0,0,0,0,0,0,0,0,0,1,6,0,3,1,0,0,1,1,3,5,0,0,0,0,0,0,0,0,0,0,0,0,0,0,0,0,0,0,0,0,1,1,0,0,0,0
B193f,754.647054,219.28,1.283333333,0,0,0,0,0,0,0,0,0,0,0,1,34,22,8,3,3,2,4,23,5,9,0,0,1,0,2,0,2,0,1,0,1,0,0,0,1,2,1,1,0,0,2,2,2,0,1,0
B194f,1370.267605,148.46,1.261333333,0,0,0,0,0,0,0,0,0,0,0,2,25,7,4,7,6,2,4,22,6,10,1,0,1,0,2,0,2,0,1,0,1,0,0,0,1,2,1,0,0,0,2,2,2,0,1,0
B195f,736.734334,191.16,1.699333333,0,0,0,0,0,-170,-75,0,0,0,0,1,22,3,2,2,5,3,4,16,1,8,0,0,1,0,2,0,1,0,1,0,1,0,0,0,1,2,1,0,0,0,2,3,3,0,1,0
B196f,1144.20581,201.85,1.089666667,0,0,0,0,0,-170,-75,0,0,0,0,1,22,3,2,2,5,3,4,16,1,8,0,0,1,0,2,0,2,0,1,0,1,0,0,0,1,2,1,0,0,0,2,2,2,0,1,0
B197f,1896.48868,193.69,1.26,0,0,-149,0,0,0,0,0,0,0,0,1,54,32,6,6,4,5,3,35,5,13,0,0,1,0,2,0,2,0,1,0,1,0,0,0,2,2,1,0,0,0,2,2,2,0,1,0