position,ID,count
17362,17362_T_A,1
16341,16341_A_T,3
15395,15395_A_T,1
17266,17266_T_A,1
15671,15671_T_A,1
19107,19107_T_A,2
17216,17216_A_T,1
17514,17514_A_T,6
19109,19109_A_T,2
15777,15777_T_A,1
15677,15677_C_T,1
18515,18515_T_C,1
17512,17512_T_G,1
15956,15956_A_T,1
17478,17478_C_G,1
16305,16305_G_A,1
15788,15788_A_G,1
16350,16350_A_T,1
17373,17373_A_T,1
16178,16178_A_T,7
16983,16983_A_T,2
16225,16225_T_A,5
18524,18524_T_A,1
16887,16887_A_T,1
16732,16732_T_C,7
15832,15832_A_T,3
15736,15736_A_T,5
18908,18908_T_A,1
15918,15918_A_T,1
2151,2151_T_C,1
15841,15841_A_C,1
17239,17239_A_C,1
16898,16898_G_A,1
17188,17188_T_A,1
17133,17133_A_T,2
15792,15792_A_T,2
19127,19127_A_T,8
15795,15795_T_A,1
15268,15268_T_A,3
15743,15743_T_A,1
17237,17237_T_C,1
15745,15745_A_T,1
17097,17097_C_A,1
17194,17194_A_G,1
9808,9808_G_A,1
16198,16198_G_A,7
17344,17344_A_G,1
19085,19085_T_A,2
11468,11468_G_A,1
17243,17243_A_T,1
15904,15904_A_G,5
17145,17145_T_A,2
12381,12381_T_C,9
17147,17147_A_T,1
15321,15321_T_A,6
17246,17246_T_A,1
18446,18446_T_A,1
15931,15931_A_T,2
18879,18879_A_T,1
14931,14931_T_A,7
16900,16900_T_A,1
15658,15658_A_T,4
15759,15759_A_T,1
15902,15902_T_A,1
17252,17252_A_C,1
16905,16905_T_A,1
5396,5396_C_T,9
15909,15909_A_T,1
15610,15610_A_C,8
15907,15907_T_G,6
16200,16200_T_A,5
17257,17257_A_T,1
16289,16289_T_A,1
15662,15662_A_T,2
16862,16862_A_T,2
15464,15464_C_T,1
16205,16205_T_A,1
18504,18504_T_A,1
8976,8976_G_A,1
18935,18935_T_A,1
594,594_G_T,2
15944,15944_C_T,1
15716,15716_A_T,1
16971,16971_C_A,1
16011,16011_G_A,5
16114,16114_C_A,1
17415,17415_C_A,1
17039,17039_G_A,1
17030,17030_T_A,1
16162,16162_A_T,2
17692,17692_A_T,7
17032,17032_A_T,1
16394,16394_T_A,8
17264,17264_T_A,1
16211,16211_A_T,1
18992,18992_C_T,1
17697,17697_A_T,7
16014,16014_A_T,1
15674,15674_T_A,2
18611,18611_A_T,4
17314,17314_C_T,1
16216,16216_A_T,2
1986,1986_A_C,1
17039,17039_G_T,1
17319,17319_C_T,1
18619,18619_T_A,3
16928,16928_T_A,1
8982,8982_C_T,9
17126,17126_C_A,1
15453,15453_G_A,1
19065,19065_T_C,7
18473,18473_T_A,1
16078,16078_T_A,1
16981,16981_A_T,1
19446,19446_A_T,1
6872,6872_G_A,1
13561,13561_T_C,6
15734,15734_A_T,3
16705,16705_A_T,1
16180,16180_A_G,7
3583,3583_T_C,9
19074,19074_T_A,2
16746,16746_A_G,1
15692,15692_T_A,1
16892,16892_T_A,1
16995,16995_A_T,1
14929,14929_G_A,8
16941,16941_T_A,1
16414,16414_T_A,1
15369,15369_A_T,1
16416,16416_A_T,3
16568,16568_C_T,2
15847,15847_T_A,2
17717,17717_A_T,1
18439,18439_G_T,1
16616,16616_T_G,1
17190,17190_T_A,1
16676,16676_G_A,1
19083,19083_T_A,4
18161,18161_T_A,2
16192,16192_T_A,7
19088,19088_T_A,5
17296,17296_T_C,1
17244,17244_T_A,1
17399,17399_A_T,1
18973,18973_A_T,1
16246,16246_T_A,5
15553,15553_T_A,1
17017,17017_A_T,1
15324,15324_T_A,2
16952,16952_A_T,1
16955,16955_T_A,1
2223,2223_A_G,1
13537,13537_T_A,1
18929,18929_T_C,1
16680,16680_G_A,4
15709,15709_C_T,2
17073,17073_A_T,1
17684,17684_T_A,3
15232,15232_T_A,1
17100,17100_T_C,5
7424,7424_G_A,1
8876,8876_A_G,9
15810,15810_A_T,1
7270,7270_T_A,1
16966,16966_A_T,1
18938,18938_T_A,1
19482,19482_A_G,7
16266,16266_A_G,3
8443,8443_T_G,10
15678,15678_C_A,1
19002,19002_T_A,1
15396,15396_A_T,4
16342,16342_A_T,4
15672,15672_T_A,2
15243,15243_A_T,1
17269,17269_A_T,1
17215,17215_T_A,1
7103,7103_G_A,1
18467,18467_T_C,1
19108,19108_T_A,6
16778,16778_A_T,3
16598,16598_G_T,7
18518,18518_A_T,1
11961,11961_C_T,1
15726,15726_T_A,1
17475,17475_A_G,1
16303,16303_C_A,3
16885,16885_G_A,3
17170,17170_T_A,1
18146,18146_T_A,2
19348,19348_A_T,6
6621,6621_G_A,1
10242,10242_T_C,1
16701,16701_T_A,1
3686,3686_G_A,1
15833,15833_A_T,3
16703,16703_A_T,4
16885,16885_G_T,1
15407,15407_A_T,3
18530,18530_C_A,1
15912,15912_T_G,2
15919,15919_A_T,1
17567,17567_G_A,1
17083,17083_T_A,1
17085,17085_A_T,1
16181,16181_T_C,1
17184,17184_T_A,1
16890,16890_T_A,1
15793,15793_A_T,2
17235,17235_A_T,4
15970,15970_A_T,4
17437,17437_A_T,1
15842,15842_A_T,1
17339,17339_T_A,1
18539,18539_T_A,2
8703,8703_A_G,1
16518,16518_T_C,1
16270,16270_G_A,6
17441,17441_A_C,1
17014,17014_C_A,1
15651,15651_G_A,8
15755,15755_A_C,1
19086,19086_T_A,2
19132,19132_A_T,1
16957,16957_G_A,1
17340,17340_A_T,1
17198,17198_T_A,1
17441,17441_A_T,1
18068,18068_T_A,4
18068,18068_T_C,2
15122,15122_A_T,1
15322,15322_T_A,6
17014,17014_C_T,1
18644,18644_T_A,1
15851,15851_A_T,5
18646,18646_A_T,2
15654,15654_A_T,4
16953,16953_T_A,1
15226,15226_T_A,1
15932,15932_A_T,1
13535,13535_T_A,1
15659,15659_A_T,1
16383,16383_A_G,8
16957,16957_G_T,4
15809,15809_A_T,1
17078,17078_G_A,2
17255,17255_G_A,7
16001,16001_A_G,4
16255,16255_A_G,5
12345,12345_C_A,9
17071,17071_A_T,1
16285,16285_T_A,1
18980,18980_A_T,1
16287,16287_A_T,6
16254,16254_C_T,3
15663,15663_A_T,2
16004,16004_T_A,5
17258,17258_A_T,1
16962,16962_T_A,1
17078,17078_G_T,1
17255,17255_G_T,1
18933,18933_A_T,1
16910,16910_T_A,1
17209,17209_T_A,1
16258,16258_T_G,6
17408,17408_A_T,1
15717,15717_A_T,2
17035,17035_G_A,1
17114,17114_A_G,1
18182,18182_T_A,5
16347,16347_G_A,2
18184,18184_A_T,1
17161,17161_A_T,1
19187,19187_A_T,1
15394,15394_A_T,1
16340,16340_A_T,3
17260,17260_T_G,1
18664,18664_A_T,8
18610,18610_T_A,1
15244,15244_T_A,2
17698,17698_A_T,1
15872,15872_T_A,7
17368,17368_A_T,1
18612,18612_A_T,1
16875,16875_T_A,1
17117,17117_T_A,1
18844,18844_T_A,1
17035,17035_G_T,1
16877,16877_A_T,1
17218,17218_T_A,2
15680,15680_C_A,1
16929,16929_T_A,1
17040,17040_T_A,1
15737,15737_G_A,6
18520,18520_A_T,1
16220,16220_C_T,7
7871,7871_G_A,9
15917,15917_A_G,1
15684,15684_T_A,1
17121,17121_T_G,1
15730,15730_A_T,2
19116,19116_C_T,1
15780,15780_T_G,1
17227,17227_T_A,1
18624,18624_T_A,3
18779,18779_A_T,1
17328,17328_T_A,1
15836,15836_A_T,1
15737,15737_G_T,1
16080,16080_A_T,2
16139,16139_A_G,2
17182,17182_T_A,2
13526,13526_A_C,1
1512,1512_C_T,9
16318,16318_G_A,6
17233,17233_A_T,4
17004,17004_A_T,1
15796,15796_A_T,1
15895,15895_T_A,2
15269,15269_A_T,1
16996,16996_A_T,1
17134,17134_G_T,1
13521,13521_A_T,1
16415,16415_T_A,1
15744,15744_A_T,1
15547,15547_A_T,1
17716,17716_T_A,3
15749,15749_A_T,2
17247,17247_A_C,1
19084,19084_T_A,2
17240,17240_T_A,1
16371,16371_C_T,3
17144,17144_T_A,2
19312,19312_A_T,1
17068,17068_T_A,1
17146,17146_A_T,1
16244,16244_A_T,1
17012,17012_C_T,1
19468,19468_T_A,1
17247,17247_A_T,1
16951,16951_T_A,1
12132,12132_C_T,10
15752,15752_C_T,1
15854,15854_A_T,2
18927,18927_A_T,1
15706,15706_A_T,1
11416,11416_T_C,1
15761,15761_C_A,3
15908,15908_A_T,3
18070,18070_T_C,1
18171,18171_T_A,1
17206,17206_G_A,1
16280,16280_A_T,1
9065,9065_A_C,9
17074,17074_A_T,1
18075,18075_T_A,1
17251,17251_A_T,1
16288,16288_T_A,5
15233,15233_T_A,5
17027,17027_A_T,2
17204,17204_A_T,1
18988,18988_A_T,1
16206,16206_A_T,1
16339,16339_A_T,3
15868,15868_A_T,2
17206,17206_G_T,1
10226,10226_C_T,9
15949,15949_A_T,1
15952,15952_C_A,2
11384,11384_G_A,1
18949,18949_C_A,1
17110,17110_T_A,1
16210,16210_A_T,1
17167,17167_T_A,1
18465,18465_A_T,1
17696,17696_A_T,7
15771,15771_A_T,1
17213,17213_A_T,1
16873,16873_T_A,1
17115,17115_T_A,1
16499,16499_T_A,1
18138,18138_T_C,1
16777,16777_T_A,1
16779,16779_A_T,1
13556,13556_T_A,1
15727,15727_T_A,4
15827,15827_G_T,2
16403,16403_G_A,6
16987,16987_G_A,1
18956,18956_G_A,1
19064,19064_T_A,1
15910,15910_A_G,2
17272,17272_T_A,1
15915,15915_A_G,4
17222,17222_A_T,2
15253,15253_A_T,2
16079,16079_A_T,3
16300,16300_A_T,3
19347,19347_T_A,6
14917,14917_A_G,8
15689,15689_A_T,1
15965,15965_T_A,1
15834,15834_A_T,1
16558,16558_C_T,1
15406,15406_T_A,1
16308,16308_T_A,6
16704,16704_A_T,2
15636,15636_C_T,8
16987,16987_G_T,1
13518,13518_T_A,1
16999,16999_A_C,1
19075,19075_A_T,2
17181,17181_C_T,1
17086,17086_A_T,2
15260,15260_T_A,2
11931,11931_G_A,1
17089,17089_T_A,1
18156,18156_T_A,4
8276,8276_A_G,1
15893,15893_T_A,5
16035,16035_C_T,6
17436,17436_T_A,3
17436,17436_T_C,1
6308,6308_C_A,9
15922,15922_T_A,1
16945,16945_T_A,1
15929,15929_A_T,1
17341,17341_A_G,1
4088,4088_C_T,1
16047,16047_G_A,6
16522,16522_G_A,7
18162,18162_A_T,1
4616,4616_T_A,9
19264,19264_T_A,1
18065,18065_C_T,7
18069,18069_T_A,2
15121,15121_T_A,4
15276,15276_A_T,6
18069,18069_T_C,2
16279,16279_A_T,2
15377,15377_A_T,1
17149,17149_A_T,1
18645,18645_T_A,4
15323,15323_T_A,4
15852,15852_A_T,4
17972,17972_T_G,1
4853,4853_G_A,1
17925,17925_T_C,1
16959,16959_T_A,2
2071,2071_C_T,1
17022,17022_G_A,1
1154,1154_C_T,9
4247,4247_C_T,9
17070,17070_T_A,1
19172,19172_T_A,1
17072,17072_A_T,1
15280,15280_A_T,4
16581,16581_A_T,1
16153,16153_T_A,8
17200,17200_T_A,1
17156,17156_T_A,1
17685,17685_A_T,1
12063,12063_C_T,1
15861,15861_A_T,2
17259,17259_A_T,1
15664,15664_A_T,2
16963,16963_T_A,1
15864,15864_T_A,1
17733,17733_C_T,1
15942,15942_A_T,1
18602,18602_T_C,1
16207,16207_T_A,3
16209,16209_A_T,2
16869,16869_A_T,1
6989,6989_G_A,9
1924,1924_G_A,1
2661,2661_C_T,8
18183,18183_T_A,6